rid,road_level,ori,des,lnglat_seq,parents,children
0VB2A07KK200VB3P07KJU00,44000,0VB2A07KK20,0VB3P07KJU0,"102.714709,25.049759;102.715854,25.049634;102.716702,25.049558;102.716746,25.049554;102.7171,25.049529;102.71718,25.049524;102.717304,25.049522;102.718727,25.049508;102.718908,25.049504;102.719169,25.049494;102.719384,25.049459","['0VB3P07KJU00VB2A07KK300', '0VB3P07KJU00VB3P07KJ800', '0VB3P07KJU00VB3P07KKM00', '0VB3P07KJU00VB2A07KK200', '0VB3P07KJU00VB4K07KJT00']","['0VB2C07KJM10VB2A07KK200', '0VB2D07KKN00VB2A07KK200', '0VB3P07KJU00VB2A07KK200', '0VB2J07KK300VB2A07KK200', '0VB1M07KK400VB2A07KK200']"
0VB1A07KHL00VB1A07KHN00,47000,0VB1A07KHL0,,"102.711354,25.042085;102.711361,25.042271",[],"['0VB1A07KHN00VB1A07KHL00', '0VB2007KHM00VB1A07KHL00']"
0VAU407KH900VAVC07KG700,44000,,0VAVC07KG70,"102.70117,25.040889;102.701973,25.040142;102.70211,25.040009;102.702408,25.039721;102.702708,25.039432;102.702933,25.03922;102.703159,25.039008;102.703566,25.038627;102.703957,25.038251;102.704005,25.038208;102.704266,25.03796;102.70437,25.037876;102.704506,25.037789;102.704635,25.037724;102.70469,25.037696;102.704744,25.037669;102.70489,25.037597;102.704935,25.037573;102.705131,25.037475","['0VAVC07KG700VAV507KG100', '0VAVC07KG700VAUD07KH200', '0VAVC07KG700VAVE07KGI00', '0VAVC07KG700VB2D07KGC00']",[]
0VB3T07KGD00VB3V07KF000,44000,0VB3T07KGD0,0VB3V07KF00,"102.719675,25.03806;102.719683,25.037889;102.71969,25.037783;102.719732,25.037122;102.719842,25.034197;102.719865,25.033602","['0VB3V07KF000VB4607KF000', '0VB3V07KF000VB3V07KFJ00', '0VB3V07KF000VB4S07KEV00', '0VB3V07KF000VB3107KEU00', '0VB3V07KF000VB4507KD800']","['0VB3K07KGD00VB3T07KGD00', '0VB3N07KGD00VB3T07KGD00', '0VB3R07KHP00VB3T07KGD00', '0VB4J07KGE00VB3T07KGD00', '0VB3V07KFJ00VB3T07KGD00']"
0VB4K07KJT00VB4Q07KJU01,47000,,0VB4Q07KJU0,"102.721965,25.049269;102.721985,25.049269;102.722071,25.049275;102.722274,25.049294;102.722331,25.0493;102.722441,25.049318;102.722642,25.049374","['0VB4Q07KJU00VB4S07KJS00', '0VB4Q07KJU00VB4U07KK000', '0VB4Q07KJU00VB4507KJU00', '0VB4Q07KJU00VB4U07KK001']",[]
0VB2A07KK200VB0P07KK700,45000,0VB2A07KK20,,"102.714651,25.049827;102.714479,25.049844;102.714272,25.049868;102.713292,25.049964;102.712638,25.050029;102.712174,25.05008;102.71204,25.050095;102.711696,25.050133;102.711659,25.050137;102.711474,25.050157;102.710751,25.050235;102.709753,25.050356",[],"['0VB2C07KJM10VB2A07KK200', '0VB2D07KKN00VB2A07KK200', '0VB3P07KJU00VB2A07KK200', '0VB2J07KK300VB2A07KK200', '0VB1M07KK400VB2A07KK200']"
0VB3P07KJU00VB2A07KK300,44000,0VB3P07KJU0,,"102.719383,25.049508;102.719185,25.049541;102.719098,25.049544;102.71893,25.049552;102.718736,25.049554;102.717238,25.049584;102.716933,25.049601;102.716321,25.049656;102.715844,25.049702;102.71551,25.049736;102.714721,25.049815",[],"['0VB2A07KK200VB3P07KJU00', '0VB4507KJU00VB3P07KJU00', '0VB4507KJU00VB3P07KJU01', '0VB2A07KK300VB3P07KJU00', '0VB3R07KIT00VB3P07KJU00', '0VB3L07KJU00VB3P07KJU00', '0VB3P07KKH00VB3P07KJU00']"
0VB3P07KKU00VB3P07KKM00,44000,,0VB3P07KKM0,"102.719378,25.052534;102.719388,25.051758","['0VB3P07KKM00VB3P07KKH00', '0VB3P07KKM00VB3R07KLC00', '0VB3P07KKM00VB3T07KKM00']",[]
0VB8C07KI800VB7U07KI700,44000,,0VB7U07KI70,"102.733987,25.043942;102.73328,25.043941;102.733002,25.043946;102.732667,25.043951","['0VB7U07KI700VB9907KI600', '0VB7U07KI700VB7U07KI100', '0VB7U07KI700VB7807KI500', '0VB7U07KI700VB7F07KJ200', '0VB7U07KI700VB8607KHG00']",[]
0VB2N07KH200VB2Q07KGD00,44000,0VB2N07KH20,0VB2Q07KGD0,"102.715898,25.040138;102.716028,25.039301;102.716095,25.038739;102.716172,25.038105","['0VB2Q07KGD00VAVC07KG700', '0VB2Q07KGD00VB3107KG110', '0VB2Q07KGD00VB3N07KGD00', '0VB2Q07KGD00VB2R07KFU00', '0VB2Q07KGD00VB3K07KGD00', '0VB2Q07KGD00VB2N07KH200']","['0VB2L07KHE00VB2N07KH200', '0VB2D07KH000VB2N07KH200', '0VB2T07KGQ00VB2N07KH200', '0VB2Q07KGD00VB2N07KH200']"
0VB3P07KKM00VB3P07KKH00,44000,0VB3P07KKM0,,"102.719388,25.051758;102.719389,25.051511;102.71938,25.051296",[],"['0VB3P07KKU00VB3P07KKM00', '0VB3P07KJU00VB3P07KKM00', '0VB3T07KKM00VB3P07KKM00']"
0VB6T07KJ600VB7407KJC00,44000,,0VB7407KJC0,"102.72927,25.046997;102.730113,25.04754","['0VB7407KJC00VB7H07KIT00', '0VB7407KJC00VB7H07KJL00', '0VB7407KJC00VB6B07KK400', '0VB7407KJC00VB5O07KJ400']",[]
0VB7U07KI700VB9907KI600,44000,0VB7U07KI70,,"102.732746,25.043809;102.732982,25.043808;102.733894,25.043823;102.73403,25.043822;102.734468,25.043822;102.735799,25.043834;102.736342,25.043836;102.736856,25.043838",[],"['0VB8C07KI800VB7U07KI700', '0VB8H07KGF00VB7U07KI700', '0VB8C07KI800VB7U07KI701', '0VB7H07KIT00VB7U07KI700', '0VB7J07KI500VB7U07KI700']"
0VB1A07KHL00VB0Q07KHI00,44000,0VB1A07KHL0,,"102.711354,25.042085;102.710639,25.042045;102.710433,25.042032;102.709836,25.041999",[],"['0VB1A07KHN00VB1A07KHL00', '0VB2007KHM00VB1A07KHL00']"
0VB5307KHS00VB5N07KHV00,44000,,0VB5N07KHV0,"102.723549,25.042755;102.723702,25.04278;102.723772,25.042792;102.724505,25.0429;102.724702,25.042929;102.724948,25.042958;102.725496,25.043041","['0VB5N07KHV00VB6107KI000', '0VB5N07KHV00VB5N07KH000', '0VB5N07KHV00VB4N07KHR00', '0VB5N07KHV00VB5O07KJ400', '0VB5N07KHV00VB6D07KI100']",[]
0VB2Q07KGD00VAVC07KG700,44000,0VB2Q07KGD0,0VAVC07KG70,"102.716172,25.038105;102.715891,25.038095;102.715436,25.038084;102.715184,25.038073;102.71499,25.038058;102.714799,25.038044;102.714629,25.038024;102.714438,25.037992;102.714145,25.037917;102.713027,25.037544;102.710881,25.036779;102.710516,25.036667;102.71026,25.036604;102.709975,25.036557;102.709663,25.036526;102.709225,25.036506;102.709083,25.036504;102.708981,25.036504;102.708622,25.036505;102.708425,25.036522;102.708134,25.03657;102.707894,25.036623;102.707554,25.03673;102.707459,25.03676;102.70719,25.036845;102.70686,25.036957;102.705775,25.03733;102.705295,25.03753","['0VAVC07KG700VAV507KG100', '0VAVC07KG700VAUD07KH200', '0VAVC07KG700VAVE07KGI00', '0VAVC07KG700VB2D07KGC00']","['0VB2N07KH200VB2Q07KGD00', '0VB2T07KFO00VB2Q07KGD00', '0VB3N07KGD00VB2Q07KGD00', '0VB3K07KGD00VB2Q07KGD00', '0VB2D07KGC00VB2Q07KGD00']"
0VAV807KG200VAVC07KG700,45000,,0VAVC07KG70,"102.704827,25.037062;102.704953,25.037172;102.705218,25.037429","['0VAVC07KG700VAV507KG100', '0VAVC07KG700VAUD07KH200', '0VAVC07KG700VAVE07KGI00', '0VAVC07KG700VB2D07KGC00']",[]
0VB8H07KG600VB8H07KGF00,44000,,0VB8H07KGF0,"102.734532,25.037386;102.734534,25.037571;102.734533,25.038298","['0VB8H07KGF00VB7U07KI700', '0VB8H07KGF00VB8S07KGF00', '0VB8H07KGF00VB8F07KFI10', '0VB8H07KGF00VB7H07KGG00']",[]
0VB5N07KGE00VB5N07KHV00,44000,0VB5N07KGE0,0VB5N07KHV0,"102.725588,25.038262;102.725579,25.039174;102.725579,25.039526;102.725577,25.039939;102.725577,25.039991;102.725574,25.040331;102.725574,25.040385;102.725569,25.041159;102.725562,25.041672;102.725559,25.041847;102.725566,25.042427;102.725559,25.043052","['0VB5N07KHV00VB6107KI000', '0VB5N07KHV00VB5N07KH000', '0VB5N07KHV00VB4N07KHR00', '0VB5N07KHV00VB5O07KJ400', '0VB5N07KHV00VB6D07KI100']","['0VB6D07KGF00VB5N07KGE00', '0VB4V07KGD00VB5N07KGE00', '0VB5O07KG200VB5N07KGE00', '0VB5N07KH000VB5N07KGE00']"
0VBBB07KFL00VBAQ07KFU00,44000,,0VBAQ07KFU0,"102.743493,25.035774;102.74306,25.036007;102.742514,25.036287;102.742347,25.036371;102.741844,25.036618","['0VBAQ07KFU00VBBH07KGC00', '0VBAQ07KFU00VBA007KGG00', '0VBAQ07KFU00VBAN07KFS00', '0VBAQ07KFU00VBBD07KFJ00']",[]
0VB6B07KK400VB5O07KJF00,44000,0VB6B07KK40,,"102.727394,25.049992;102.727178,25.049851;102.727136,25.049818;102.727092,25.049783;102.726018,25.048923;102.725973,25.048882;102.725951,25.048863;102.725901,25.048808;102.725862,25.048764;102.725807,25.048695;102.725711,25.048544;102.725685,25.048494;102.725648,25.048421;102.725632,25.04836;102.725616,25.048293;102.725605,25.048221;102.725587,25.048031",[],"['0VB5L07KKN00VB6B07KK400', '0VB7E07KL300VB6B07KK400', '0VB5O07KJ400VB6B07KK400', '0VB7407KJC00VB6B07KK400']"
0VB4Q07KGE00VB4P07KGF00,45000,0VB4Q07KGE0,,"102.722562,25.03823;102.722551,25.038334",[],"['0VB4P07KGF00VB4Q07KGE00', '0VB4Q07KGG00VB4Q07KGE00', '0VB5307KGE00VB4Q07KGE00']"
0VB4S07KEV00VB5G07KF000,44000,0VB4S07KEV0,,"102.722803,25.033528;102.722989,25.033526;102.723261,25.033525;102.724767,25.033542",[],"['0VB4S07KET00VB4S07KEV00', '0VB3V07KF000VB4S07KEV00', '0VB4607KF000VB4S07KEV00']"
0VB5N07KHV00VB6107KI000,44000,0VB5N07KHV0,,"102.725559,25.043052;102.725636,25.043057;102.726465,25.043151;102.726533,25.043157",[],"['0VB5307KHS00VB5N07KHV00', '0VB5N07KGE00VB5N07KHV00', '0VB6E07KI100VB5N07KHV00', '0VB5O07KJ400VB5N07KHV00', '0VB6107KI000VB5N07KHV00', '0VB4R07KHQ00VB5N07KHV00', '0VB6D07KI110VB5N07KHV00']"
0VBA107KGF00VBAQ07KFU00,44000,,0VBAQ07KFU0,"102.739268,25.038296;102.739407,25.038253;102.739574,25.03817;102.739716,25.038069;102.739948,25.03787;102.740025,25.037792;102.740177,25.037649;102.740198,25.037629;102.740229,25.037607;102.740309,25.037551;102.740435,25.037483;102.740656,25.037384;102.74097,25.037245;102.741118,25.037162;102.741404,25.036976;102.741484,25.03692;102.741616,25.036821;102.741693,25.036749;102.741809,25.036631","['0VBAQ07KFU00VBBH07KGC00', '0VBAQ07KFU00VBA007KGG00', '0VBAQ07KFU00VBAN07KFS00', '0VBAQ07KFU00VBBD07KFJ00']",[]
0VB4Q07KGE00VB4Q07KGG00,47000,0VB4Q07KGE0,,"102.722562,25.03823;102.722599,25.038327;102.722597,25.038366",[],"['0VB4P07KGF00VB4Q07KGE00', '0VB4Q07KGG00VB4Q07KGE00', '0VB5307KGE00VB4Q07KGE00']"
0VB4607KD800VB4507KD800,47000,,0VB4507KD80,"102.720738,25.028098;102.720522,25.028064","['0VB4507KD800VB4407KDN00', '0VB4507KD800VB4507KDD00', '0VB4507KD800VB4607KD800', '0VB4507KD800VB4507KD600']",[]
0VB2C07KJM10VB2A07KK200,44000,,0VB2A07KK20,"102.714823,25.048602;102.714699,25.049639;102.714697,25.049701;102.714709,25.049759","['0VB2A07KK200VB3P07KJU00', '0VB2A07KK200VB0P07KK700', '0VB2A07KK200VB2D07KJE00', '0VB2A07KK200VB2J07KK300', '0VB2A07KK200VB2C07KKD00']",[]
0VB2N07KH200VB2T07KGQ00,47000,0VB2N07KH20,,"102.71596,25.040206;102.716272,25.040289;102.716313,25.040277;102.716345,25.040216;102.716459,25.039442",[],"['0VB2L07KHE00VB2N07KH200', '0VB2D07KH000VB2N07KH200', '0VB2T07KGQ00VB2N07KH200', '0VB2Q07KGD00VB2N07KH200']"
0VB6H07KI100VB6D07KI110,44000,0VB6H07KI10,,"102.72813,25.043449;102.72775,25.043399",[],"['0VB7307KI500VB6H07KI100', '0VB6H07KI600VB6H07KI100', '0VB6D07KI100VB6H07KI100']"
0VBA807KJS00VBAB07KJ600,45000,,0VBAB07KJ60,"102.739954,25.049233;102.740027,25.049113;102.740214,25.048804;102.740278,25.048658;102.740352,25.048432;102.740403,25.048206;102.740449,25.047952;102.740443,25.047839;102.740451,25.047579;102.740449,25.047015","['0VBAB07KJ600VBB107KJ600', '0VBAB07KJ600VB9F07KJ600', '0VBAB07KJ600VBA807KJS00', '0VBAB07KJ600VBAD07KIN00']",[]
0VB4507KJU00VB3P07KJU00,44000,,0VB3P07KJU0,"102.72045,25.049423;102.719759,25.049446;102.719646,25.049461;102.719507,25.049484","['0VB3P07KJU00VB2A07KK300', '0VB3P07KJU00VB3P07KJ800', '0VB3P07KJU00VB3P07KKM00', '0VB3P07KJU00VB2A07KK200', '0VB3P07KJU00VB4K07KJT00']",[]
0VBAB07KJ600VBB107KJ600,45000,0VBAB07KJ60,,"102.740449,25.047015;102.740817,25.047019;102.741283,25.047016;102.742072,25.04701;102.742482,25.047028",[],"['0VBA807KJS00VBAB07KJ600', '0VB9F07KJ600VBAB07KJ600', '0VBAD07KIN00VBAB07KJ600', '0VBB107KJ600VBAB07KJ600']"
0VB2L07KHE00VB2N07KH200,44000,,0VB2N07KH20,"102.715727,25.041393;102.715792,25.04089;102.715849,25.040458;102.715884,25.040223;102.715898,25.040138","['0VB2N07KH200VB2Q07KGD00', '0VB2N07KH200VB2T07KGQ00', '0VB2N07KH200VB2D07KH000', '0VB2N07KH200VB2K07KHN00']",[]
0VB2D07KH000VB2N07KH200,45000,,0VB2N07KH20,"102.714861,25.040048;102.715686,25.040103;102.715768,25.040109;102.715898,25.040138","['0VB2N07KH200VB2Q07KGD00', '0VB2N07KH200VB2T07KGQ00', '0VB2N07KH200VB2D07KH000', '0VB2N07KH200VB2K07KHN00']",[]
0VB2Q07KGD00VB3107KG110,45000,0VB2Q07KGD0,,"102.71626,25.038012;102.71636,25.037929;102.716631,25.037929;102.71686,25.037043;102.716887,25.03692;102.7169,25.036858",[],"['0VB2N07KH200VB2Q07KGD00', '0VB2T07KFO00VB2Q07KGD00', '0VB3N07KGD00VB2Q07KGD00', '0VB3K07KGD00VB2Q07KGD00', '0VB2D07KGC00VB2Q07KGD00']"
0VBA007KGG00VB9907KI600,45000,0VBA007KGG0,,"102.739213,25.038406;102.739124,25.038579;102.738093,25.040967;102.736856,25.043838",[],"['0VBAR07KFV00VBA007KGG00', '0VBA707KGG00VBA007KGG00', '0VBAQ07KFU00VBA007KGG00', '0VB9907KI600VBA007KGG00']"
0VBAB07KJ600VB9F07KJ600,45000,0VBAB07KJ60,,"102.740449,25.047015;102.739999,25.046999;102.739748,25.047;102.739628,25.047001;102.739453,25.047002;102.739183,25.046996;102.738853,25.046997;102.738462,25.046998;102.73751,25.047003",[],"['0VBA807KJS00VBAB07KJ600', '0VB9F07KJ600VBAB07KJ600', '0VBAD07KIN00VBAB07KJ600', '0VBB107KJ600VBAB07KJ600']"
0VB9T07KFJ00VB9N07KGG00,45000,,0VB9N07KGG0,"102.738863,25.035521;102.738854,25.035759;102.738853,25.035829;102.738846,25.036008;102.738843,25.03629;102.738839,25.036497;102.738826,25.036645;102.738821,25.036673;102.738809,25.0367;102.738792,25.036724;102.738766,25.036749;102.738469,25.036944;102.738452,25.037143;102.73844,25.037287;102.738352,25.038361","['0VB9N07KGG00VBA107KGF00', '0VB9N07KGG00VB9T07KFJ00']",[]
0VBBH07KGC00VBAQ07KFU00,45000,,0VBAQ07KFU0,"102.74407,25.03798;102.744067,25.038012;102.744061,25.038041;102.744043,25.038082;102.743808,25.038273;102.743523,25.038482;102.743386,25.038365;102.743283,25.038255;102.74315,25.038097;102.74294,25.037889;102.742642,25.037592;102.742569,25.037509;102.742492,25.037418;102.742377,25.037287;102.74217,25.03705;102.742118,25.036982;102.741844,25.036618","['0VBAQ07KFU00VBBH07KGC00', '0VBAQ07KFU00VBA007KGG00', '0VBAQ07KFU00VBAN07KFS00', '0VBAQ07KFU00VBBD07KFJ00']",[]
0VB1A07KHK00VB1P07KHL00,44000,0VB1A07KHK0,,"102.711361,25.041994;102.711475,25.042006;102.712067,25.042034;102.712187,25.042042;102.712385,25.042056;102.712728,25.042078;102.712903,25.042089",[],"['0VB0Q07KHI00VB1A07KHK00', '0VB1B07KHH00VB1A07KHK00', '0VB1A07KH800VB1A07KHK00']"
0VB3P07KJU00VB3P07KJ800,44000,0VB3P07KJU0,,"102.719384,25.049459;102.719388,25.048858;102.719385,25.048573;102.71938,25.048011;102.719379,25.047656;102.719375,25.047193",[],"['0VB2A07KK200VB3P07KJU00', '0VB4507KJU00VB3P07KJU00', '0VB4507KJU00VB3P07KJU01', '0VB2A07KK300VB3P07KJU00', '0VB3R07KIT00VB3P07KJU00', '0VB3L07KJU00VB3P07KJU00', '0VB3P07KKH00VB3P07KJU00']"
0VBAR07KFV00VBA007KGG00,44000,,0VBA007KGG0,"102.741877,25.036674;102.741752,25.036825;102.741613,25.036937;102.741482,25.037026;102.741315,25.037132;102.741131,25.037249;102.740945,25.037341;102.740781,25.037414;102.740317,25.03764;102.740241,25.037699;102.7402,25.037739;102.740137,25.037805;102.74003,25.037916;102.73986,25.038074;102.739723,25.038175;102.739643,25.038221;102.739566,25.038265;102.739213,25.038406","['0VBA007KGG00VB9907KI600', '0VBA007KGG00VB9N07KGH00', '0VBA007KGG00VBA707KGG00']",[]
0VB4507KJU00VB3P07KJU01,47000,,0VB3P07KJU0,"102.720453,25.049465;102.720202,25.04947;102.719863,25.049478;102.719701,25.049492;102.719613,25.049508;102.719507,25.049484","['0VB3P07KJU00VB2A07KK300', '0VB3P07KJU00VB3P07KJ800', '0VB3P07KJU00VB3P07KKM00', '0VB3P07KJU00VB2A07KK200', '0VB3P07KJU00VB4K07KJT00']",[]
0VB4507KD800VB4407KDN00,44000,0VB4507KD80,,"102.720522,25.028064;102.720515,25.028129;102.720479,25.028487;102.720425,25.028987;102.720376,25.029467",[],"['0VB4607KD800VB4507KD800', '0VB3V07KF000VB4507KD800', '0VB4507KD600VB4507KD800']"
0VB3707KEU00VB3V07KF000,44000,,0VB3V07KF00,"102.7175,25.033396;102.719245,25.033467;102.719873,25.033493","['0VB3V07KF000VB4607KF000', '0VB3V07KF000VB3V07KFJ00', '0VB3V07KF000VB4S07KEV00', '0VB3V07KF000VB3107KEU00', '0VB3V07KF000VB4507KD800']",[]
0VB3V07KF000VB4607KF000,44000,0VB3V07KF00,,"102.719967,25.033498;102.720367,25.033503;102.720671,25.033508",[],"['0VB3T07KGD00VB3V07KF000', '0VB3707KEU00VB3V07KF000', '0VB4407KDN00VB3V07KF000', '0VB4607KF000VB3V07KF000', '0VB4S07KF000VB3V07KF000']"
0VB2K07KHN00VB2L07KHE00,44000,0VB2K07KHN0,,"102.71562,25.042256;102.715626,25.042208;102.715661,25.041923;102.715718,25.04147;102.715727,25.041393",[],"['0VB2U07KHO00VB2K07KHN00', '0VB3407KHP00VB2K07KHN00', '0VB1P07KHL00VB2K07KHN00', '0VB2N07KH200VB2K07KHN00', '0VB2G07KIL00VB2K07KHN00']"
0VB6E07KI100VB5N07KHV00,44000,,0VB5N07KHV0,"102.727746,25.043399;102.7276,25.043381;102.727177,25.043331;102.726787,25.043284;102.726518,25.043255;102.726149,25.043216;102.726082,25.043209;102.725563,25.043149","['0VB5N07KHV00VB6107KI000', '0VB5N07KHV00VB5N07KH000', '0VB5N07KHV00VB4N07KHR00', '0VB5N07KHV00VB5O07KJ400', '0VB5N07KHV00VB6D07KI100']",[]
0VBAD07KIJ00VBAB07KI700,45000,,0VBAB07KI70,"102.740498,25.04512;102.740501,25.045015;102.740511,25.044656;102.740497,25.044317;102.740489,25.043924","['0VBAB07KI700VBB207KHU00', '0VBAB07KI700VBAB07KI400', '0VBAB07KI700VBAD07KIJ00', '0VBAB07KI700VB9U07KI700', '0VBAB07KI700VBAD07KIN00']",[]
0VB6B07KK400VB7407KJC00,44000,0VB6B07KK40,0VB7407KJC0,"102.727457,25.049935;102.727954,25.049495;102.728597,25.048926;102.72873,25.048807;102.728813,25.048726;102.728856,25.048684;102.729063,25.048489;102.729166,25.048401;102.729597,25.04803;102.730032,25.047625","['0VB7407KJC00VB7H07KIT00', '0VB7407KJC00VB7H07KJL00', '0VB7407KJC00VB6B07KK400', '0VB7407KJC00VB5O07KJ400']","['0VB5L07KKN00VB6B07KK400', '0VB7E07KL300VB6B07KK400', '0VB5O07KJ400VB6B07KK400', '0VB7407KJC00VB6B07KK400']"
0VB7807KI400VB7J07KI500,44000,0VB7807KI40,,"102.730442,25.043598;102.730988,25.043667;102.731481,25.04373",[],"['0VB6I07KI100VB7807KI400', '0VB6H07KI110VB7807KI400', '0VB7907KI100VB7807KI400', '0VB6H07KI100VB7807KI400']"
0VBAQ07KFU00VBBH07KGC00,45000,0VBAQ07KFU0,,"102.741844,25.036618;102.742118,25.036982;102.74217,25.03705;102.742377,25.037287;102.742492,25.037418;102.742569,25.037509;102.742642,25.037592;102.74294,25.037889;102.74315,25.038097;102.743283,25.038255;102.743386,25.038365;102.743523,25.038482;102.743808,25.038273;102.744043,25.038082;102.744061,25.038041;102.744067,25.038012;102.74407,25.03798",[],"['0VBBB07KFL00VBAQ07KFU00', '0VBA107KGF00VBAQ07KFU00', '0VBBH07KGC00VBAQ07KFU00', '0VBAN07KFS00VBAQ07KFU00', '0VBAM07KFT00VBAQ07KFU00']"
0VB2Q07KGD00VB3N07KGD00,44000,0VB2Q07KGD0,,"102.71626,25.038012;102.716821,25.038012;102.71697,25.038015;102.717136,25.038018;102.718831,25.038045",[],"['0VB2N07KH200VB2Q07KGD00', '0VB2T07KFO00VB2Q07KGD00', '0VB3N07KGD00VB2Q07KGD00', '0VB3K07KGD00VB2Q07KGD00', '0VB2D07KGC00VB2Q07KGD00']"
0VB6I07KI100VB7807KI400,44000,,0VB7807KI40,"102.728162,25.043352;102.728941,25.043433;102.72996,25.043544;102.730412,25.043594","['0VB7807KI400VB7J07KI500', '0VB7807KI400VB7807KI100']",[]
0VB8207KGF00VB8H07KGF00,44000,,0VB8H07KGF0,"102.733006,25.03827;102.733025,25.03827;102.733675,25.038282;102.734388,25.038296","['0VB8H07KGF00VB7U07KI700', '0VB8H07KGF00VB8S07KGF00', '0VB8H07KGF00VB8F07KFI10', '0VB8H07KGF00VB7H07KGG00']",[]
0VB5O07KJ400VB5707KJ400,45000,0VB5O07KJ40,,"102.725537,25.046855;102.725273,25.046853;102.724493,25.046842;102.724105,25.046847;102.724018,25.046847;102.723916,25.046818",[],"['0VB5O07KJF00VB5O07KJ400', '0VB5707KJ400VB5O07KJ400', '0VB5N07KHV00VB5O07KJ400', '0VB7407KJC00VB5O07KJ400']"
0VB2D07KKN00VB2A07KK200,44000,,0VB2A07KK20,"102.714842,25.051853;102.714766,25.05098;102.714669,25.049955;102.714651,25.049827","['0VB2A07KK200VB3P07KJU00', '0VB2A07KK200VB0P07KK700', '0VB2A07KK200VB2D07KJE00', '0VB2A07KK200VB2J07KK300', '0VB2A07KK200VB2C07KKD00']",[]
0VB3P07KJU00VB3P07KKM00,44000,0VB3P07KJU0,0VB3P07KKM0,"102.719507,25.049484;102.719505,25.049941;102.719502,25.05003;102.719492,25.050325;102.719487,25.050765;102.719481,25.051275;102.719479,25.051508;102.719478,25.051758","['0VB3P07KKM00VB3P07KKH00', '0VB3P07KKM00VB3R07KLC00', '0VB3P07KKM00VB3T07KKM00']","['0VB2A07KK200VB3P07KJU00', '0VB4507KJU00VB3P07KJU00', '0VB4507KJU00VB3P07KJU01', '0VB2A07KK300VB3P07KJU00', '0VB3R07KIT00VB3P07KJU00', '0VB3L07KJU00VB3P07KJU00', '0VB3P07KKH00VB3P07KJU00']"
0VB5L07KKN00VB6B07KK400,44000,,0VB6B07KK40,"102.725312,25.051876;102.725506,25.051703;102.726259,25.051006;102.726365,25.050909;102.726536,25.050754;102.726833,25.050489;102.727214,25.05015;102.727394,25.049992","['0VB6B07KK400VB5O07KJF00', '0VB6B07KK400VB7407KJC00', '0VB6B07KK400VB5L07KKN00', '0VB6B07KK400VB7E07KL300', '0VB6B07KK400VB6207KKC00']",[]
0VB4407KDN00VB3V07KF000,44000,,0VB3V07KF00,"102.720376,25.029467;102.720279,25.030419;102.720223,25.030965;102.720215,25.031036;102.720172,25.031443;102.7201,25.032244;102.720073,25.032512;102.720023,25.033003;102.720013,25.033088;102.719985,25.03333;102.719967,25.033498","['0VB3V07KF000VB4607KF000', '0VB3V07KF000VB3V07KFJ00', '0VB3V07KF000VB4S07KEV00', '0VB3V07KF000VB3107KEU00', '0VB3V07KF000VB4507KD800']",[]
0VB3307KF700VB2T07KFO00,45000,,0VB2T07KFO0,"102.717103,25.034284;102.717189,25.034563;102.717208,25.034645;102.717215,25.034682;102.717311,25.035089;102.717323,25.035215;102.717317,25.035314;102.717243,25.035757;102.717219,25.035818;102.717162,25.035902;102.717159,25.035907;102.717154,25.035914;102.717115,25.035967;102.717106,25.03598;102.717101,25.035988;102.716778,25.035985;102.716747,25.035985;102.716716,25.035986;102.716676,25.035991;102.71653,25.036011","['0VB2T07KFO00VB2Q07KGD00', '0VB2T07KFO00VB3407KFL00', '0VB2T07KFO00VB3107KEU00', '0VB2T07KFO00VB2G07KFO00']",[]
0VBAB07KI700VBB207KHU00,44000,0VBAB07KI70,,"102.740488,25.043838;102.740804,25.043832;102.740937,25.043829;102.741143,25.043825;102.74137,25.043817;102.741534,25.043797;102.741679,25.043771;102.741689,25.043768;102.74187,25.043721;102.741914,25.04371;102.742031,25.043648;102.742109,25.043593;102.742202,25.043505;102.742238,25.043464;102.742287,25.043407;102.742599,25.043049",[],"['0VBAD07KIJ00VBAB07KI700', '0VB9S07KI600VBAB07KI700', '0VBAD07KIN00VBAB07KI700', '0VBAB07KI400VBAB07KI700', '0VBB307KHV00VBAB07KI700']"
0VB5O07KJF00VB5O07KJ400,44000,,0VB5O07KJ40,"102.725587,25.048031;102.725576,25.047708;102.725565,25.047347;102.725543,25.046963;102.725539,25.046906;102.725537,25.046855","['0VB5O07KJ400VB5707KJ400', '0VB5O07KJ400VB5N07KHV00', '0VB5O07KJ400VB6T07KJ600', '0VB5O07KJ400VB6B07KK400']",[]
0VBAP07KFU00VBBD07KFJ00,44000,0VBAP07KFU0,,"102.741703,25.036553;102.741934,25.036422;102.742281,25.036281;102.742457,25.03619;102.743008,25.035936;102.743444,25.035702;102.743843,25.035482",[],"['0VBA107KGF00VBAP07KFU00', '0VBAN07KFS00VBAP07KFU00', '0VBAM07KFT00VBAP07KFU00']"
0VB4P07KGF00VB4Q07KGE00,45000,,0VB4Q07KGE0,"102.722551,25.038334;102.722562,25.03823","['0VB4Q07KGE00VB4P07KGF00', '0VB4Q07KGE00VB4Q07KGG00', '0VB4Q07KGE00VB4J07KGE00']",[]
0VB6H07KI110VB7807KI400,44000,0VB6H07KI11,0VB7807KI40,"102.728138,25.04335;102.728162,25.043352;102.728941,25.043433;102.72996,25.043544;102.730412,25.043594","['0VB7807KI400VB7J07KI500', '0VB7807KI400VB7807KI100']",['0VB6D07KI100VB6H07KI110']
0VB8H07KGF00VB7U07KI700,44000,0VB8H07KGF0,0VB7U07KI70,"102.734519,25.0384;102.73446,25.038615;102.734436,25.038693;102.734108,25.039708;102.733912,25.040256;102.733835,25.040477;102.733706,25.040872;102.733491,25.041523;102.733479,25.041562;102.733464,25.041613;102.733224,25.042366;102.733027,25.042942;102.732995,25.043047;102.732938,25.043216;102.732873,25.043405;102.732746,25.043809","['0VB7U07KI700VB9907KI600', '0VB7U07KI700VB7U07KI100', '0VB7U07KI700VB7807KI500', '0VB7U07KI700VB7F07KJ200', '0VB7U07KI700VB8607KHG00']","['0VB8H07KG600VB8H07KGF00', '0VB8207KGF00VB8H07KGF00', '0VB8607KHG00VB8H07KGF00', '0VB9N07KGH00VB8H07KGF00']"
0VBA107KGF00VBAP07KFU00,44000,,0VBAP07KFU0,"102.739268,25.038296;102.739407,25.038253;102.739574,25.03817;102.739716,25.038069;102.739948,25.03787;102.740025,25.037792;102.740163,25.037648;102.740294,25.03752;102.740439,25.037382;102.740599,25.037234;102.740776,25.037111;102.740984,25.036966;102.741269,25.036799;102.741381,25.03674;102.741505,25.036661;102.741703,25.036553","['0VBAP07KFU00VBBD07KFJ00', '0VBAP07KFU00VBAN07KFS00']",[]
0VB7307KI500VB6H07KI100,44000,,0VB6H07KI10,"102.729951,25.043653;102.72894,25.043538;102.72813,25.043449","['0VB6H07KI100VB6D07KI110', '0VB6H07KI100VB6E07KI100', '0VB6H07KI100VB6H07KI600', '0VB6H07KI100VB7807KI400']",[]
0VB3P07KJU00VB2A07KK200,44000,0VB3P07KJU0,0VB2A07KK20,"102.719383,25.049508;102.719185,25.049541;102.719098,25.049544;102.71893,25.049552;102.718736,25.049554;102.717238,25.049584;102.716933,25.049601;102.716321,25.049656;102.715844,25.049702;102.71551,25.049736;102.714721,25.049815","['0VB2A07KK200VB3P07KJU00', '0VB2A07KK200VB0P07KK700', '0VB2A07KK200VB2D07KJE00', '0VB2A07KK200VB2J07KK300', '0VB2A07KK200VB2C07KKD00']","['0VB2A07KK200VB3P07KJU00', '0VB4507KJU00VB3P07KJU00', '0VB4507KJU00VB3P07KJU01', '0VB2A07KK300VB3P07KJU00', '0VB3R07KIT00VB3P07KJU00', '0VB3L07KJU00VB3P07KJU00', '0VB3P07KKH00VB3P07KJU00']"
0VBAN07KFS00VBAP07KFU00,47000,,0VBAP07KFU0,"102.741548,25.036395;102.741703,25.036553","['0VBAP07KFU00VBBD07KFJ00', '0VBAP07KFU00VBAN07KFS00']",[]
0VB2T07KFO00VB2Q07KGD00,44000,0VB2T07KFO0,0VB2Q07KGD0,"102.71653,25.036011;102.716427,25.036791;102.716341,25.037471;102.71627,25.037946;102.71626,25.038012","['0VB2Q07KGD00VAVC07KG700', '0VB2Q07KGD00VB3107KG110', '0VB2Q07KGD00VB3N07KGD00', '0VB2Q07KGD00VB2R07KFU00', '0VB2Q07KGD00VB3K07KGD00', '0VB2Q07KGD00VB2N07KH200']","['0VB3307KF700VB2T07KFO00', '0VB2G07KFO00VB2T07KFO00', '0VB3007KF700VB2T07KFO00', '0VB2R07KFU00VB2T07KFO00']"
0VB3T07KGD00VB3T07KGU00,44000,0VB3T07KGD0,,"102.719805,25.03819;102.7198,25.038295;102.719792,25.03842;102.719773,25.038719;102.71975,25.039091;102.719714,25.039717;102.719711,25.039768",[],"['0VB3K07KGD00VB3T07KGD00', '0VB3N07KGD00VB3T07KGD00', '0VB3R07KHP00VB3T07KGD00', '0VB4J07KGE00VB3T07KGD00', '0VB3V07KFJ00VB3T07KGD00']"
0VB3T07KGD00VB3K07KGD00,44000,0VB3T07KGD0,,"102.719667,25.038187;102.71956,25.03818;102.719379,25.038169;102.718848,25.038141",[],"['0VB3K07KGD00VB3T07KGD00', '0VB3N07KGD00VB3T07KGD00', '0VB3R07KHP00VB3T07KGD00', '0VB4J07KGE00VB3T07KGD00', '0VB3V07KFJ00VB3T07KGD00']"
0VB6H07KI100VB6E07KI100,44000,0VB6H07KI10,,"102.72813,25.043449;102.727776,25.043404",[],"['0VB7307KI500VB6H07KI100', '0VB6H07KI600VB6H07KI100', '0VB6D07KI100VB6H07KI100']"
0VB1A07KHK00VB1B07KHH00,47000,0VB1A07KHK0,,"102.711361,25.041994;102.711498,25.041808;102.711546,25.041767",[],"['0VB0Q07KHI00VB1A07KHK00', '0VB1B07KHH00VB1A07KHK00', '0VB1A07KH800VB1A07KHK00']"
0VB5O07KJ400VB5N07KHV00,44000,0VB5O07KJ40,0VB5N07KHV0,"102.725535,25.0468;102.725531,25.046572;102.725527,25.045419;102.725527,25.04536;102.725524,25.044051;102.725519,25.043784;102.725516,25.043679;102.725497,25.043144","['0VB5N07KHV00VB6107KI000', '0VB5N07KHV00VB5N07KH000', '0VB5N07KHV00VB4N07KHR00', '0VB5N07KHV00VB5O07KJ400', '0VB5N07KHV00VB6D07KI100']","['0VB5O07KJF00VB5O07KJ400', '0VB5707KJ400VB5O07KJ400', '0VB5N07KHV00VB5O07KJ400', '0VB7407KJC00VB5O07KJ400']"
0VB3K07KGD00VB3T07KGD00,44000,,0VB3T07KGD0,"102.718831,25.038045;102.719387,25.03806;102.719675,25.03806","['0VB3T07KGD00VB3V07KF000', '0VB3T07KGD00VB3T07KGU00', '0VB3T07KGD00VB3K07KGD00', '0VB3T07KGD00VB4J07KGD00', '0VB3T07KGD00VB4V07KGD00', '0VB3T07KGD00VB3T07KGT00', '0VB3T07KGD00VB3N07KGD00']",[]
0VB3T07KH000VB3R07KHP00,44000,,0VB3R07KHP0,"102.719706,25.039966;102.719676,25.040591;102.719667,25.041225;102.719628,25.042203;102.719627,25.04244","['0VB3R07KHP00VB3S07KI600', '0VB3R07KHP00VB3B07KHP00', '0VB3R07KHP00VB4R07KHQ00', '0VB3R07KHP00VB3T07KGD00']",[]
0VB2T07KFO00VB3407KFL00,45000,0VB2T07KFO0,,"102.716536,25.035966;102.716673,25.035964;102.716714,25.03596;102.716746,25.035958;102.716779,25.035958;102.717115,25.035967;102.717154,25.035914;102.717159,25.035907;102.717162,25.035902;102.717219,25.035818;102.717243,25.035757",[],"['0VB3307KF700VB2T07KFO00', '0VB2G07KFO00VB2T07KFO00', '0VB3007KF700VB2T07KFO00', '0VB2R07KFU00VB2T07KFO00']"
0VB3V07KF000VB3V07KFJ00,44000,0VB3V07KF00,,"102.719967,25.033604;102.719966,25.033663;102.719959,25.033981;102.71993,25.03494;102.719905,25.035485",[],"['0VB3T07KGD00VB3V07KF000', '0VB3707KEU00VB3V07KF000', '0VB4407KDN00VB3V07KF000', '0VB4607KF000VB3V07KF000', '0VB4S07KF000VB3V07KF000']"
0VB9N07KGG00VBA107KGF00,44000,0VB9N07KGG0,,"102.738352,25.038361;102.738842,25.03837;102.73903,25.038351;102.739122,25.038334;102.739268,25.038296",[],"['0VB9T07KFJ00VB9N07KGG00', '0VB9507KGF00VB9N07KGG00']"
0VB4S07KET00VB4S07KEV00,47000,,0VB4S07KEV0,"102.722849,25.033348;102.722803,25.033528","['0VB4S07KEV00VB5G07KF000', '0VB4S07KEV00VB4S07KET00', '0VB4S07KEV00VB5G07KEV00']",[]
0VB6D07KI100VB6H07KI110,44000,,0VB6H07KI11,"102.727721,25.043304;102.728138,25.04335",['0VB6H07KI110VB7807KI400'],[]
0VB7807KI400VB7807KI100,45000,0VB7807KI40,,"102.730412,25.043594;102.730447,25.043424",[],"['0VB6I07KI100VB7807KI400', '0VB6H07KI110VB7807KI400', '0VB7907KI100VB7807KI400', '0VB6H07KI100VB7807KI400']"
0VB5N07KHV00VB5N07KH000,44000,0VB5N07KHV0,,"102.725496,25.043041;102.725504,25.042897;102.7255,25.042417;102.7255,25.041995;102.7255,25.041841;102.725503,25.041268;102.725509,25.039985;102.72551,25.039972;102.725508,25.039959",[],"['0VB5307KHS00VB5N07KHV00', '0VB5N07KGE00VB5N07KHV00', '0VB6E07KI100VB5N07KHV00', '0VB5O07KJ400VB5N07KHV00', '0VB6107KI000VB5N07KHV00', '0VB4R07KHQ00VB5N07KHV00', '0VB6D07KI110VB5N07KHV00']"
0VB2G07KFO00VB2T07KFO00,45000,,0VB2T07KFO0,"102.715157,25.035989;102.715287,25.035946;102.715793,25.035948;102.716458,25.035958","['0VB2T07KFO00VB2Q07KGD00', '0VB2T07KFO00VB3407KFL00', '0VB2T07KFO00VB3107KEU00', '0VB2T07KFO00VB2G07KFO00']",[]
0VB4K07KJT00VB4Q07KJU00,44000,,0VB4Q07KJU0,"102.721963,25.049326;102.722033,25.049326;102.722152,25.049328;102.722255,25.049338;102.722337,25.049352;102.722429,25.049373;102.722511,25.049391;102.722594,25.049416","['0VB4Q07KJU00VB4S07KJS00', '0VB4Q07KJU00VB4U07KK000', '0VB4Q07KJU00VB4507KJU00', '0VB4Q07KJU00VB4U07KK001']",[]
0VB2T07KFO00VB3107KEU00,44000,0VB2T07KFO0,,"102.716458,25.035958;102.716587,25.035187;102.716614,25.034994;102.716701,25.034353;102.716708,25.034299;102.716749,25.033997;102.716807,25.033509",[],"['0VB3307KF700VB2T07KFO00', '0VB2G07KFO00VB2T07KFO00', '0VB3007KF700VB2T07KFO00', '0VB2R07KFU00VB2T07KFO00']"
0VB1A07KHN00VB1A07KHL00,47000,,0VB1A07KHL0,"102.711361,25.042271;102.711354,25.042085","['0VB1A07KHL00VB1A07KHN00', '0VB1A07KHL00VB0Q07KHI00']",[]
0VB3007KF700VB2T07KFO00,44000,,0VB2T07KFO0,"102.716798,25.0343;102.716664,25.035192;102.716536,25.035966","['0VB2T07KFO00VB2Q07KGD00', '0VB2T07KFO00VB3407KFL00', '0VB2T07KFO00VB3107KEU00', '0VB2T07KFO00VB2G07KFO00']",[]
0VB7H07KGG00VB7407KGF00,44000,,0VB7407KGF0,"102.731376,25.038363;102.730973,25.038358;102.730451,25.03835;102.729834,25.038336","['0VB7407KGF00VB7407KGD00', '0VB7407KGF00VB6D07KGF00', '0VB7407KGF00VB7207KGG00', '0VB7407KGF00VB8207KGF00']",[]
0VBAN07KFS00VBAQ07KFU00,47000,,0VBAQ07KFU0,"102.741548,25.036395;102.741809,25.036631","['0VBAQ07KFU00VBBH07KGC00', '0VBAQ07KFU00VBA007KGG00', '0VBAQ07KFU00VBAN07KFS00', '0VBAQ07KFU00VBBD07KFJ00']",[]
0VB4507KD800VB4507KDD00,44000,0VB4507KD80,,"102.720522,25.028064;102.720515,25.028129;102.720479,25.028487",[],"['0VB4607KD800VB4507KD800', '0VB3V07KF000VB4507KD800', '0VB4507KD600VB4507KD800']"
0VB6B07KK400VB5L07KKN00,44000,0VB6B07KK40,,"102.727473,25.05004;102.726961,25.050517;102.726907,25.050562;102.726763,25.050684;102.726631,25.050795;102.726048,25.051314;102.725671,25.051663;102.725376,25.051942",[],"['0VB5L07KKN00VB6B07KK400', '0VB7E07KL300VB6B07KK400', '0VB5O07KJ400VB6B07KK400', '0VB7407KJC00VB6B07KK400']"
0VAVE07KGI00VAVC07KG700,45000,,0VAVC07KG70,"102.70543,25.038553;102.705408,25.038459;102.705411,25.038057;102.705398,25.037959;102.705374,25.037885;102.70527,25.037682;102.705205,25.037576","['0VAVC07KG700VAV507KG100', '0VAVC07KG700VAUD07KH200', '0VAVC07KG700VAVE07KGI00', '0VAVC07KG700VB2D07KGC00']",[]
0VB2Q07KGD00VB2R07KFU00,44000,0VB2Q07KGD0,,"102.716182,25.038006;102.716194,25.037913;102.716307,25.037042;102.716368,25.036598",[],"['0VB2N07KH200VB2Q07KGD00', '0VB2T07KFO00VB2Q07KGD00', '0VB3N07KGD00VB2Q07KGD00', '0VB3K07KGD00VB2Q07KGD00', '0VB2D07KGC00VB2Q07KGD00']"
0VB5307KH200VB4R07KHQ00,45000,,0VB4R07KHQ0,"102.723517,25.040248;102.72352,25.040455;102.723521,25.040508;102.723518,25.040686;102.723517,25.040794;102.723512,25.040965;102.723507,25.041161;102.7235,25.041191;102.723493,25.041215;102.723481,25.041233;102.723472,25.041245;102.723455,25.041261;102.723428,25.041277;102.723395,25.041286;102.723361,25.041287;102.722764,25.041276;102.722728,25.041294;102.72271,25.041334;102.722713,25.041537;102.722718,25.041812;102.722715,25.042133;102.722698,25.042637","['0VB4R07KHQ00VB4T07KHR00', '0VB4R07KHQ00VB5N07KHV00', '0VB4R07KHQ00VB5307KH200']",[]
0VB3N07KGD00VB3T07KGD00,44000,,0VB3T07KGD0,"102.718831,25.038045;102.719387,25.03806;102.719675,25.03806","['0VB3T07KGD00VB3V07KF000', '0VB3T07KGD00VB3T07KGU00', '0VB3T07KGD00VB3K07KGD00', '0VB3T07KGD00VB4J07KGD00', '0VB3T07KGD00VB4V07KGD00', '0VB3T07KGD00VB3T07KGT00', '0VB3T07KGD00VB3N07KGD00']",[]
0VB8C07KI800VB7U07KI701,47000,,0VB7U07KI70,"102.733985,25.044021;102.732785,25.04402;102.732667,25.043951","['0VB7U07KI700VB9907KI600', '0VB7U07KI700VB7U07KI100', '0VB7U07KI700VB7807KI500', '0VB7U07KI700VB7F07KJ200', '0VB7U07KI700VB8607KHG00']",[]
0VB3V07KF000VB4S07KEV00,44000,0VB3V07KF00,0VB4S07KEV0,"102.719967,25.033512;102.720063,25.033513;102.720673,25.033517;102.720999,25.03352;102.721177,25.033521;102.722011,25.033527;102.722441,25.033527;102.722803,25.033528","['0VB4S07KEV00VB5G07KF000', '0VB4S07KEV00VB4S07KET00', '0VB4S07KEV00VB5G07KEV00']","['0VB3T07KGD00VB3V07KF000', '0VB3707KEU00VB3V07KF000', '0VB4407KDN00VB3V07KF000', '0VB4607KF000VB3V07KF000', '0VB4S07KF000VB3V07KF000']"
0VB3R07KHP00VB3S07KI600,44000,0VB3R07KHP0,,"102.719627,25.042576;102.719606,25.042991;102.719584,25.043329;102.719565,25.04384",[],"['0VB3T07KH000VB3R07KHP00', '0VB4L07KHR00VB3R07KHP00', '0VB3P07KI700VB3R07KHP00', '0VB4K07KHR00VB3R07KHP00', '0VB2K07KHN00VB3R07KHP00']"
0VB4Q07KJU00VB4S07KJS00,45000,0VB4Q07KJU0,,"102.722642,25.049374;102.722783,25.049255",[],"['0VB4K07KJT00VB4Q07KJU01', '0VB4K07KJT00VB4Q07KJU00', '0VB4U07KK000VB4Q07KJU00']"
0VB7407KJC00VB7H07KIT00,44000,0VB7407KJC0,,"102.730113,25.04754;102.730348,25.047316;102.730525,25.047148;102.730566,25.047103;102.730858,25.046781;102.730978,25.046626;102.731208,25.046265;102.731306,25.046084",[],"['0VB6T07KJ600VB7407KJC00', '0VB6B07KK400VB7407KJC00', '0VB7B07KJ800VB7407KJC00', '0VB8T07KKJ00VB7407KJC00']"
0VBA007KGG00VB9N07KGH00,44000,0VBA007KGG0,0VB9N07KGH0,"102.739213,25.038406;102.739128,25.038423;102.739055,25.038439;102.73888,25.038456;102.738398,25.038451;102.738344,25.03845",['0VB9N07KGH00VB8H07KGF00'],"['0VBAR07KFV00VBA007KGG00', '0VBA707KGG00VBA007KGG00', '0VBAQ07KFU00VBA007KGG00', '0VB9907KI600VBA007KGG00']"
0VB4Q07KGE00VB4J07KGE00,44000,0VB4Q07KGE0,,"102.722562,25.03823;102.721911,25.038215",[],"['0VB4P07KGF00VB4Q07KGE00', '0VB4Q07KGG00VB4Q07KGE00', '0VB5307KGE00VB4Q07KGE00']"
0VB3R07KHP00VB3B07KHP00,44000,0VB3R07KHP0,,"102.719461,25.042574;102.719098,25.042563;102.717947,25.042521",[],"['0VB3T07KH000VB3R07KHP00', '0VB4L07KHR00VB3R07KHP00', '0VB3P07KI700VB3R07KHP00', '0VB4K07KHR00VB3R07KHP00', '0VB2K07KHN00VB3R07KHP00']"
0VB2A07KK300VB2D07KJE00,44000,,0VB2D07KJE0,"102.714635,25.049763;102.714629,25.049649;102.714633,25.049585;102.71464,25.049519;102.714693,25.04916;102.714775,25.048599;102.714864,25.047932","['0VB2D07KJE00VB2D07KJ900', '0VB2D07KJE00VB2C07KJM10', '0VB2D07KJE00VB2A07KJE00']",[]
0VB3N07KGD00VB2Q07KGD00,44000,,0VB2Q07KGD0,"102.719299,25.038165;102.718841,25.03814;102.718285,25.038133;102.717611,25.038123;102.717134,25.038117;102.716807,25.038115;102.716788,25.038115;102.716593,25.038114;102.716248,25.038105","['0VB2Q07KGD00VAVC07KG700', '0VB2Q07KGD00VB3107KG110', '0VB2Q07KGD00VB3N07KGD00', '0VB2Q07KGD00VB2R07KFU00', '0VB2Q07KGD00VB3K07KGD00', '0VB2Q07KGD00VB2N07KH200']",[]
0VB7907KI100VB7807KI400,45000,,0VB7807KI40,"102.730476,25.043431;102.730442,25.043598","['0VB7807KI400VB7J07KI500', '0VB7807KI400VB7807KI100']",[]
0VB7H07KIT00VB7U07KI700,44000,,0VB7U07KI70,"102.731306,25.046084;102.731426,25.045877;102.73153,25.045709;102.731617,25.045556;102.731857,25.045132;102.732296,25.044359;102.732532,25.043944","['0VB7U07KI700VB9907KI600', '0VB7U07KI700VB7U07KI100', '0VB7U07KI700VB7807KI500', '0VB7U07KI700VB7F07KJ200', '0VB7U07KI700VB8607KHG00']",[]
0VBA007KGG00VBA707KGG00,45000,0VBA007KGG0,,"102.739213,25.038406;102.739303,25.038397;102.739545,25.038366;102.739706,25.038363;102.739895,25.038435",[],"['0VBAR07KFV00VBA007KGG00', '0VBA707KGG00VBA007KGG00', '0VBAQ07KFU00VBA007KGG00', '0VB9907KI600VBA007KGG00']"
0VB4Q07KJU00VB4U07KK000,44000,0VB4Q07KJU0,,"102.722594,25.049416;102.722738,25.049467;102.722828,25.049504;102.722943,25.049559;102.722949,25.049562",[],"['0VB4K07KJT00VB4Q07KJU01', '0VB4K07KJT00VB4Q07KJU00', '0VB4U07KK000VB4Q07KJU00']"
0VB4L07KHR00VB3R07KHP00,44000,,0VB3R07KHP0,"102.722068,25.042681;102.721579,25.042609;102.721255,25.04259;102.720926,25.042587;102.720434,25.042581;102.71999,25.042573;102.719627,25.042576","['0VB3R07KHP00VB3S07KI600', '0VB3R07KHP00VB3B07KHP00', '0VB3R07KHP00VB4R07KHQ00', '0VB3R07KHP00VB3T07KGD00']",[]
0VB2A07KK300VB3P07KJU00,44000,,0VB3P07KJU0,"102.714709,25.049759;102.715854,25.049634;102.716702,25.049558;102.716746,25.049554;102.7171,25.049529;102.71718,25.049524;102.718727,25.049508;102.718908,25.049504;102.719169,25.049494;102.719384,25.049459","['0VB3P07KJU00VB2A07KK300', '0VB3P07KJU00VB3P07KJ800', '0VB3P07KJU00VB3P07KKM00', '0VB3P07KJU00VB2A07KK200', '0VB3P07KJU00VB4K07KJT00']",[]
0VB7E07KL300VB6B07KK400,44000,,0VB6B07KK40,"102.730925,25.053145;102.730409,25.052656;102.72996,25.052236;102.729561,25.051872;102.729557,25.051868;102.729525,25.051839;102.729501,25.051817;102.728878,25.051244;102.728197,25.050618;102.72802,25.050451;102.727872,25.050324;102.727655,25.050157;102.727548,25.050082;102.727473,25.05004","['0VB6B07KK400VB5O07KJF00', '0VB6B07KK400VB7407KJC00', '0VB6B07KK400VB5L07KKN00', '0VB6B07KK400VB7E07KL300', '0VB6B07KK400VB6207KKC00']",[]
0VB5O07KJ400VB6T07KJ600,44000,0VB5O07KJ40,,"102.725607,25.046795;102.725858,25.046805;102.72624,25.046832;102.726558,25.046844;102.727229,25.046847;102.728359,25.046858;102.728758,25.046861;102.728951,25.046878;102.72912,25.046919;102.72927,25.046997",[],"['0VB5O07KJF00VB5O07KJ400', '0VB5707KJ400VB5O07KJ400', '0VB5N07KHV00VB5O07KJ400', '0VB7407KJC00VB5O07KJ400']"
0VB3V07KF000VB3107KEU00,44000,0VB3V07KF00,,"102.719865,25.033602;102.71924,25.033584;102.717464,25.033534;102.717185,25.033525;102.717038,25.033521;102.716891,25.033515",[],"['0VB3T07KGD00VB3V07KF000', '0VB3707KEU00VB3V07KF000', '0VB4407KDN00VB3V07KF000', '0VB4607KF000VB3V07KF000', '0VB4S07KF000VB3V07KF000']"
0VB3R07KIT00VB3P07KJU00,44000,,0VB3P07KJU0,"102.719489,25.046071;102.719487,25.046898;102.719491,25.047186;102.719497,25.047651;102.719502,25.048568;102.719503,25.048716;102.719515,25.049172;102.719508,25.049433","['0VB3P07KJU00VB2A07KK300', '0VB3P07KJU00VB3P07KJ800', '0VB3P07KJU00VB3P07KKM00', '0VB3P07KJU00VB2A07KK200', '0VB3P07KJU00VB4K07KJT00']",[]
0VB2Q07KGD00VB3K07KGD00,44000,0VB2Q07KGD0,,"102.71626,25.038012;102.71664,25.03801;102.716821,25.038012;102.71697,25.038015;102.717136,25.038018;102.718831,25.038045",[],"['0VB2N07KH200VB2Q07KGD00', '0VB2T07KFO00VB2Q07KGD00', '0VB3N07KGD00VB2Q07KGD00', '0VB3K07KGD00VB2Q07KGD00', '0VB2D07KGC00VB2Q07KGD00']"
0VB3L07KJU00VB3P07KJU00,47000,,0VB3P07KJU0,"102.718898,25.049459;102.719124,25.04945;102.719168,25.049444;102.719306,25.049425;102.719384,25.049459","['0VB3P07KJU00VB2A07KK300', '0VB3P07KJU00VB3P07KJ800', '0VB3P07KJU00VB3P07KKM00', '0VB3P07KJU00VB2A07KK200', '0VB3P07KJU00VB4K07KJT00']",[]
0VB6D07KGF00VB5N07KGE00,44000,,0VB5N07KGE0,"102.727745,25.038287;102.726847,25.038261;102.726738,25.038261;102.726635,25.038261;102.726214,25.038262;102.725588,25.038262","['0VB5N07KGE00VB5N07KHV00', '0VB5N07KGE00VB5307KGE00', '0VB5N07KGE00VB5N07KFT00', '0VB5N07KGE00VB6507KGE00']",[]
0VB7407KGF00VB7407KGD00,47000,0VB7407KGF0,,"102.730062,25.038254;102.730066,25.038057",[],"['0VB7H07KGG00VB7407KGF00', '0VB6J07KGE00VB7407KGF00', '0VB6E07KGE00VB7407KGF00', '0VB7607KGD00VB7407KGF00', '0VB7207KGG00VB7407KGF00']"
0VBAB07KJ600VBA807KJS00,45000,0VBAB07KJ60,,"102.740449,25.047015;102.740451,25.047579;102.740443,25.047839;102.740449,25.047952;102.740403,25.048206;102.740352,25.048432;102.740278,25.048658;102.740214,25.048804;102.740027,25.049113;102.739954,25.049233",[],"['0VBA807KJS00VBAB07KJ600', '0VB9F07KJ600VBAB07KJ600', '0VBAD07KIN00VBAB07KJ600', '0VBB107KJ600VBAB07KJ600']"
0VB7407KGF00VB6D07KGF00,44000,0VB7407KGF0,,"102.729834,25.038336;102.72934,25.038325;102.729249,25.038323;102.728834,25.038314;102.728399,25.038304;102.728279,25.038301;102.727745,25.038287",[],"['0VB7H07KGG00VB7407KGF00', '0VB6J07KGE00VB7407KGF00', '0VB6E07KGE00VB7407KGF00', '0VB7607KGD00VB7407KGF00', '0VB7207KGG00VB7407KGF00']"
0VB3R07KHP00VB4R07KHQ00,44000,0VB3R07KHP0,0VB4R07KHQ0,"102.719627,25.04244;102.719993,25.042438;102.720455,25.042456;102.721101,25.042479;102.72129,25.042486;102.721593,25.042511;102.72207,25.042569;102.72223,25.042588;102.722386,25.042605;102.722698,25.042637","['0VB4R07KHQ00VB4T07KHR00', '0VB4R07KHQ00VB5N07KHV00', '0VB4R07KHQ00VB5307KH200']","['0VB3T07KH000VB3R07KHP00', '0VB4L07KHR00VB3R07KHP00', '0VB3P07KI700VB3R07KHP00', '0VB4K07KHR00VB3R07KHP00', '0VB2K07KHN00VB3R07KHP00']"
0VB3V07KF000VB4507KD800,44000,0VB3V07KF00,0VB4507KD80,"102.719873,25.033493;102.719906,25.033139;102.71991,25.033099;102.719983,25.032501;102.719986,25.032469;102.720034,25.031969;102.720082,25.03145;102.720118,25.031073;102.720177,25.030514;102.720288,25.029459;102.720338,25.028985;102.720387,25.028463;102.720396,25.028382;102.720407,25.028268;102.72043,25.028056","['0VB4507KD800VB4407KDN00', '0VB4507KD800VB4507KDD00', '0VB4507KD800VB4607KD800', '0VB4507KD800VB4507KD600']","['0VB3T07KGD00VB3V07KF000', '0VB3707KEU00VB3V07KF000', '0VB4407KDN00VB3V07KF000', '0VB4607KF000VB3V07KF000', '0VB4S07KF000VB3V07KF000']"
0VB2U07KHO00VB2K07KHN00,44000,,0VB2K07KHN0,"102.716553,25.042448;102.715673,25.04238","['0VB2K07KHN00VB2L07KHE00', '0VB2K07KHN00VB2K07KHU00', '0VB2K07KHN00VB3R07KHP00', '0VB2K07KHN00VB2007KHM00']",[]
0VB2T07KFO00VB2G07KFO00,45000,0VB2T07KFO0,,"102.716453,25.036014;102.715858,25.036006;102.715801,25.036005;102.715585,25.03601;102.715302,25.036017;102.715157,25.035989",[],"['0VB3307KF700VB2T07KFO00', '0VB2G07KFO00VB2T07KFO00', '0VB3007KF700VB2T07KFO00', '0VB2R07KFU00VB2T07KFO00']"
0VB3R07KHP00VB3T07KGD00,44000,0VB3R07KHP0,0VB3T07KGD0,"102.719464,25.042436;102.71947,25.042328;102.719477,25.042203;102.719528,25.041142;102.719554,25.040595;102.719605,25.03919;102.719609,25.039089;102.719621,25.038924;102.719664,25.038282;102.719667,25.038187","['0VB3T07KGD00VB3V07KF000', '0VB3T07KGD00VB3T07KGU00', '0VB3T07KGD00VB3K07KGD00', '0VB3T07KGD00VB4J07KGD00', '0VB3T07KGD00VB4V07KGD00', '0VB3T07KGD00VB3T07KGT00', '0VB3T07KGD00VB3N07KGD00']","['0VB3T07KH000VB3R07KHP00', '0VB4L07KHR00VB3R07KHP00', '0VB3P07KI700VB3R07KHP00', '0VB4K07KHR00VB3R07KHP00', '0VB2K07KHN00VB3R07KHP00']"
0VB7807KI500VB7307KI500,44000,0VB7807KI50,,"102.730407,25.043707;102.730375,25.043704;102.729951,25.043653",[],['0VB7U07KI700VB7807KI500']
0VB4J07KGE00VB3T07KGD00,44000,,0VB3T07KGD0,"102.721911,25.038215;102.720793,25.038209;102.72052,25.038207;102.720277,25.038199;102.719805,25.03819","['0VB3T07KGD00VB3V07KF000', '0VB3T07KGD00VB3T07KGU00', '0VB3T07KGD00VB3K07KGD00', '0VB3T07KGD00VB4J07KGD00', '0VB3T07KGD00VB4V07KGD00', '0VB3T07KGD00VB3T07KGT00', '0VB3T07KGD00VB3N07KGD00']",[]
0VBAB07KI700VBAB07KI400,45000,0VBAB07KI70,,"102.740284,25.043837;102.740304,25.0436",[],"['0VBAD07KIJ00VBAB07KI700', '0VB9S07KI600VBAB07KI700', '0VBAD07KIN00VBAB07KI700', '0VBAB07KI400VBAB07KI700', '0VBB307KHV00VBAB07KI700']"
0VB2R07KFU00VB2T07KFO00,44000,,0VB2T07KFO0,"102.716368,25.036598;102.716453,25.036014","['0VB2T07KFO00VB2Q07KGD00', '0VB2T07KFO00VB3407KFL00', '0VB2T07KFO00VB3107KEU00', '0VB2T07KFO00VB2G07KFO00']",[]
0VB9507KGF00VB9N07KGG00,44000,,0VB9N07KGG0,"102.736447,25.038331;102.736566,25.038333;102.736795,25.038337;102.737255,25.038341;102.737432,25.038342;102.738352,25.038361","['0VB9N07KGG00VBA107KGF00', '0VB9N07KGG00VB9T07KFJ00']",[]
0VAVC07KG700VAV507KG100,45000,0VAVC07KG70,,"102.705131,25.037475;102.705042,25.037372;102.704796,25.037133;102.704625,25.03697;102.704547,25.036909;102.704506,25.03686",[],"['0VAU407KH900VAVC07KG700', '0VB2Q07KGD00VAVC07KG700', '0VAV807KG200VAVC07KG700', '0VAVE07KGI00VAVC07KG700', '0VAV507KG100VAVC07KG700']"
0VB8H07KGF00VB8S07KGF00,44000,0VB8H07KGF0,,"102.734533,25.038298;102.734934,25.038292;102.735636,25.038314",[],"['0VB8H07KG600VB8H07KGF00', '0VB8207KGF00VB8H07KGF00', '0VB8607KHG00VB8H07KGF00', '0VB9N07KGH00VB8H07KGF00']"
0VB4S07KEV00VB4S07KET00,47000,0VB4S07KEV0,,"102.722803,25.033528;102.722849,25.033348",[],"['0VB4S07KET00VB4S07KEV00', '0VB3V07KF000VB4S07KEV00', '0VB4607KF000VB4S07KEV00']"
0VB2K07KHN00VB2K07KHU00,44000,0VB2K07KHN0,,"102.715673,25.04238;102.715664,25.042456;102.715635,25.042707;102.7156,25.043005",[],"['0VB2U07KHO00VB2K07KHN00', '0VB3407KHP00VB2K07KHN00', '0VB1P07KHL00VB2K07KHN00', '0VB2N07KH200VB2K07KHN00', '0VB2G07KIL00VB2K07KHN00']"
0VB2A07KK200VB2D07KJE00,44000,0VB2A07KK20,0VB2D07KJE0,"102.714635,25.049763;102.714629,25.049649;102.714633,25.049585;102.71464,25.049519;102.714693,25.04916;102.714775,25.048599;102.714826,25.048215;102.714864,25.047932","['0VB2D07KJE00VB2D07KJ900', '0VB2D07KJE00VB2C07KJM10', '0VB2D07KJE00VB2A07KJE00']","['0VB2C07KJM10VB2A07KK200', '0VB2D07KKN00VB2A07KK200', '0VB3P07KJU00VB2A07KK200', '0VB2J07KK300VB2A07KK200', '0VB1M07KK400VB2A07KK200']"
0VB6J07KGE00VB7407KGF00,45000,,0VB7407KGF0,"102.728399,25.038227;102.728533,25.038111;102.728777,25.038088;102.729364,25.038084;102.729464,25.038089;102.729708,25.038088;102.730062,25.038254","['0VB7407KGF00VB7407KGD00', '0VB7407KGF00VB6D07KGF00', '0VB7407KGF00VB7207KGG00', '0VB7407KGF00VB8207KGF00']",[]
0VB2J07KK300VB2A07KK200,45000,,0VB2A07KK20,"102.715518,25.049909;102.714742,25.049952","['0VB2A07KK200VB3P07KJU00', '0VB2A07KK200VB0P07KK700', '0VB2A07KK200VB2D07KJE00', '0VB2A07KK200VB2J07KK300', '0VB2A07KK200VB2C07KKD00']",[]
0VB4N07KHR00VB4L07KHR00,44000,0VB4N07KHR0,,"102.72237,25.042718;102.722068,25.042681",[],['0VB5N07KHV00VB4N07KHR00']
0VB2G07KIT00VB2D07KJE00,44000,,0VB2D07KJE0,"102.71517,25.046126;102.715121,25.046411;102.715109,25.046489;102.715005,25.047121;102.714982,25.047264;102.714901,25.047933","['0VB2D07KJE00VB2D07KJ900', '0VB2D07KJE00VB2C07KJM10', '0VB2D07KJE00VB2A07KJE00']",[]
0VB4507KD800VB4607KD800,47000,0VB4507KD80,,"102.720522,25.028064;102.720738,25.028098",[],"['0VB4607KD800VB4507KD800', '0VB3V07KF000VB4507KD800', '0VB4507KD600VB4507KD800']"
0VBAB07KI700VBAD07KIJ00,45000,0VBAB07KI70,,"102.740489,25.043924;102.740497,25.044317;102.740511,25.044656;102.740501,25.045015;102.740498,25.04512",[],"['0VBAD07KIJ00VBAB07KI700', '0VB9S07KI600VBAB07KI700', '0VBAD07KIN00VBAB07KI700', '0VBAB07KI400VBAB07KI700', '0VBB307KHV00VBAB07KI700']"
0VB4N07KHR00VB4K07KHR00,44000,0VB4N07KHR0,,"102.72237,25.042718;102.722044,25.042673",[],['0VB5N07KHV00VB4N07KHR00']
0VB0Q07KHI00VB1A07KHK00,44000,,0VB1A07KHK0,"102.709855,25.041882;102.710638,25.04193;102.711361,25.041994","['0VB1A07KHK00VB1P07KHL00', '0VB1A07KHK00VB1B07KHH00', '0VB1A07KHK00VB1A07KH800']",[]
0VB4607KF000VB3V07KF000,44000,,0VB3V07KF00,"102.720671,25.033616;102.719967,25.033604","['0VB3V07KF000VB4607KF000', '0VB3V07KF000VB3V07KFJ00', '0VB3V07KF000VB4S07KEV00', '0VB3V07KF000VB3107KEU00', '0VB3V07KF000VB4507KD800']",[]
0VB3P07KKM00VB3R07KLC00,44000,0VB3P07KKM0,,"102.719478,25.051758;102.719486,25.052329;102.71949,25.052506;102.71949,25.052552;102.719495,25.053264;102.7195,25.053548;102.719515,25.053886;102.71952,25.053915;102.719553,25.054034;102.719562,25.054058",[],"['0VB3P07KKU00VB3P07KKM00', '0VB3P07KJU00VB3P07KKM00', '0VB3T07KKM00VB3P07KKM00']"
0VB3T07KGD00VB4J07KGD00,44000,0VB3T07KGD0,,"102.719811,25.038066;102.720271,25.038076;102.720467,25.038081;102.721925,25.03811",[],"['0VB3K07KGD00VB3T07KGD00', '0VB3N07KGD00VB3T07KGD00', '0VB3R07KHP00VB3T07KGD00', '0VB4J07KGE00VB3T07KGD00', '0VB3V07KFJ00VB3T07KGD00']"
0VB6H07KI600VB6H07KI100,45000,,0VB6H07KI10,"102.728123,25.043804;102.72813,25.043449","['0VB6H07KI100VB6D07KI110', '0VB6H07KI100VB6E07KI100', '0VB6H07KI100VB6H07KI600', '0VB6H07KI100VB7807KI400']",[]
0VB4R07KHQ00VB4T07KHR00,44000,0VB4R07KHQ0,,"102.722698,25.042637;102.722926,25.042665",[],"['0VB5307KH200VB4R07KHQ00', '0VB3R07KHP00VB4R07KHQ00']"
0VB4V07KGD00VB5N07KGE00,44000,0VB4V07KGD0,0VB5N07KGE0,"102.723096,25.038144;102.72331,25.038146;102.723516,25.038149;102.723917,25.038152;102.724252,25.038155;102.724802,25.038159;102.724995,25.038159;102.725491,25.038161","['0VB5N07KGE00VB5N07KHV00', '0VB5N07KGE00VB5307KGE00', '0VB5N07KGE00VB5N07KFT00', '0VB5N07KGE00VB6507KGE00']","['0VB4J07KGD00VB4V07KGD00', '0VB3T07KGD00VB4V07KGD00', '0VB4V07KFS00VB4V07KGD00']"
0VB6107KI000VB5N07KHV00,44000,,0VB5N07KHV0,"102.726518,25.043255;102.726449,25.043244;102.726082,25.043209;102.725563,25.043149","['0VB5N07KHV00VB6107KI000', '0VB5N07KHV00VB5N07KH000', '0VB5N07KHV00VB4N07KHR00', '0VB5N07KHV00VB5O07KJ400', '0VB5N07KHV00VB6D07KI100']",[]
0VB2T07KGQ00VB2N07KH200,47000,,0VB2N07KH20,"102.716459,25.039442;102.716345,25.040216;102.716313,25.040277;102.716272,25.040289;102.71596,25.040206","['0VB2N07KH200VB2Q07KGD00', '0VB2N07KH200VB2T07KGQ00', '0VB2N07KH200VB2D07KH000', '0VB2N07KH200VB2K07KHN00']",[]
0VB1A07KHK00VB1A07KH800,45000,0VB1A07KHK0,,"102.711361,25.041994;102.711378,25.041495;102.711388,25.041216;102.711402,25.040837",[],"['0VB0Q07KHI00VB1A07KHK00', '0VB1B07KHH00VB1A07KHK00', '0VB1A07KH800VB1A07KHK00']"
0VB7407KJC00VB7H07KJL00,44000,0VB7407KJC0,,"102.73021,25.047602;102.730798,25.048009;102.731042,25.048193;102.731434,25.048469",[],"['0VB6T07KJ600VB7407KJC00', '0VB6B07KK400VB7407KJC00', '0VB7B07KJ800VB7407KJC00', '0VB8T07KKJ00VB7407KJC00']"
0VB2A07KK200VB2J07KK300,45000,0VB2A07KK20,,"102.714742,25.049952;102.715518,25.049909",[],"['0VB2C07KJM10VB2A07KK200', '0VB2D07KKN00VB2A07KK200', '0VB3P07KJU00VB2A07KK200', '0VB2J07KK300VB2A07KK200', '0VB1M07KK400VB2A07KK200']"
0VB3P07KI700VB3R07KHP00,44000,,0VB3R07KHP0,"102.719433,25.043853;102.71946,25.042986;102.719461,25.042574","['0VB3R07KHP00VB3S07KI600', '0VB3R07KHP00VB3B07KHP00', '0VB3R07KHP00VB4R07KHQ00', '0VB3R07KHP00VB3T07KGD00']",[]
0VB4J07KGD00VB4V07KGD00,44000,,0VB4V07KGD0,"102.721925,25.03811;102.722428,25.038125;102.723096,25.038144","['0VB4V07KGD00VB5N07KGE00', '0VB4V07KGD00VB4V07KFS00']",[]
0VB8H07KGF00VB8F07KFI10,44000,0VB8H07KGF0,,"102.734388,25.038296;102.734393,25.038108;102.734391,25.037902;102.73441,25.037359;102.734419,25.036888;102.734421,25.036858;102.734418,25.036828;102.734425,25.03575;102.734418,25.035405",[],"['0VB8H07KG600VB8H07KGF00', '0VB8207KGF00VB8H07KGF00', '0VB8607KHG00VB8H07KGF00', '0VB9N07KGH00VB8H07KGF00']"
0VB3T07KGD00VB4V07KGD00,44000,0VB3T07KGD0,0VB4V07KGD0,"102.719811,25.038066;102.719907,25.038068;102.720173,25.038074;102.720271,25.038076;102.720467,25.038081;102.720659,25.038085;102.721925,25.03811;102.722428,25.038125;102.723096,25.038144","['0VB4V07KGD00VB5N07KGE00', '0VB4V07KGD00VB4V07KFS00']","['0VB3K07KGD00VB3T07KGD00', '0VB3N07KGD00VB3T07KGD00', '0VB3R07KHP00VB3T07KGD00', '0VB4J07KGE00VB3T07KGD00', '0VB3V07KFJ00VB3T07KGD00']"
0VB4S07KEV00VB5G07KEV00,44000,0VB4S07KEV0,,"102.722803,25.033528;102.722989,25.033526;102.723261,25.033525;102.724767,25.033542",[],"['0VB4S07KET00VB4S07KEV00', '0VB3V07KF000VB4S07KEV00', '0VB4607KF000VB4S07KEV00']"
0VB3P07KKM00VB3T07KKM00,45000,0VB3P07KKM0,,"102.719478,25.051758;102.719717,25.05176;102.719734,25.05176",[],"['0VB3P07KKU00VB3P07KKM00', '0VB3P07KJU00VB3P07KKM00', '0VB3T07KKM00VB3P07KKM00']"
0VB5707KJ400VB5O07KJ400,45000,,0VB5O07KJ40,"102.723916,25.046818;102.724019,25.046793;102.724105,25.046793;102.72413,25.046792;102.724137,25.046792;102.724493,25.046788;102.724736,25.046792;102.725276,25.046799;102.725535,25.0468","['0VB5O07KJ400VB5707KJ400', '0VB5O07KJ400VB5N07KHV00', '0VB5O07KJ400VB6T07KJ600', '0VB5O07KJ400VB6B07KK400']",[]
0VB4R07KHQ00VB5N07KHV00,44000,0VB4R07KHQ0,0VB5N07KHV0,"102.722698,25.042637;102.722926,25.042665;102.723549,25.042755;102.723702,25.04278;102.723772,25.042792;102.724505,25.0429;102.724702,25.042929;102.724763,25.042938;102.725496,25.043041","['0VB5N07KHV00VB6107KI000', '0VB5N07KHV00VB5N07KH000', '0VB5N07KHV00VB4N07KHR00', '0VB5N07KHV00VB5O07KJ400', '0VB5N07KHV00VB6D07KI100']","['0VB5307KH200VB4R07KHQ00', '0VB3R07KHP00VB4R07KHQ00']"
0VAVC07KG700VAUD07KH200,44000,0VAVC07KG70,,"102.705205,25.037576;102.705001,25.037675;102.704943,25.037703;102.704759,25.037789;102.704751,25.037794;102.704613,25.037871;102.704477,25.037947;102.70436,25.038026;102.703633,25.038696;102.703262,25.039056;102.703013,25.039298;102.702764,25.039538;102.70248,25.039811;102.702068,25.04021",[],"['0VAU407KH900VAVC07KG700', '0VB2Q07KGD00VAVC07KG700', '0VAV807KG200VAVC07KG700', '0VAVE07KGI00VAVC07KG700', '0VAV507KG100VAVC07KG700']"
0VB2Q07KGD00VB2N07KH200,44000,0VB2Q07KGD0,0VB2N07KH20,"102.716248,25.038105;102.716146,25.038849;102.716084,25.039301;102.71596,25.040206","['0VB2N07KH200VB2Q07KGD00', '0VB2N07KH200VB2T07KGQ00', '0VB2N07KH200VB2D07KH000', '0VB2N07KH200VB2K07KHN00']","['0VB2N07KH200VB2Q07KGD00', '0VB2T07KFO00VB2Q07KGD00', '0VB3N07KGD00VB2Q07KGD00', '0VB3K07KGD00VB2Q07KGD00', '0VB2D07KGC00VB2Q07KGD00']"
0VB3V07KFJ00VB3T07KGD00,44000,,0VB3T07KGD0,"102.719905,25.035485;102.719878,25.036353;102.719852,25.037219;102.719823,25.037774;102.719817,25.037895;102.719811,25.038066","['0VB3T07KGD00VB3V07KF000', '0VB3T07KGD00VB3T07KGU00', '0VB3T07KGD00VB3K07KGD00', '0VB3T07KGD00VB4J07KGD00', '0VB3T07KGD00VB4V07KGD00', '0VB3T07KGD00VB3T07KGT00', '0VB3T07KGD00VB3N07KGD00']",[]
0VBA707KGG00VBA007KGG00,45000,,0VBA007KGG0,"102.739895,25.038435;102.739706,25.038363;102.739545,25.038366;102.739303,25.038397;102.739213,25.038406","['0VBA007KGG00VB9907KI600', '0VBA007KGG00VB9N07KGH00', '0VBA007KGG00VBA707KGG00']",[]
0VB2007KHM00VB1A07KHL00,44000,,0VB1A07KHL0,"102.713589,25.042239;102.712718,25.042177;102.712374,25.042156;102.712064,25.042137;102.711469,25.042095;102.711354,25.042085","['0VB1A07KHL00VB1A07KHN00', '0VB1A07KHL00VB0Q07KHI00']",[]
0VB6H07KI100VB6H07KI600,45000,0VB6H07KI10,,"102.72813,25.043449;102.728123,25.043804",[],"['0VB7307KI500VB6H07KI100', '0VB6H07KI600VB6H07KI100', '0VB6D07KI100VB6H07KI100']"
0VB4R07KHQ00VB5307KH200,45000,0VB4R07KHQ0,,"102.722698,25.042637;102.722715,25.042133;102.722718,25.041812;102.722713,25.041537;102.72271,25.041334;102.722728,25.041294;102.722764,25.041276;102.723361,25.041287;102.723395,25.041286;102.723428,25.041277;102.723455,25.041261;102.723472,25.041245;102.723481,25.041233;102.723493,25.041215;102.7235,25.041191;102.723507,25.041161;102.723512,25.040965;102.723517,25.040794;102.723518,25.040686;102.723521,25.040508;102.72352,25.040455;102.723517,25.040248",[],"['0VB5307KH200VB4R07KHQ00', '0VB3R07KHP00VB4R07KHQ00']"
0VBAB07KJ600VBAD07KIN00,45000,0VBAB07KJ60,,"102.740449,25.047015;102.74045,25.046058;102.740481,25.045464",[],"['0VBA807KJS00VBAB07KJ600', '0VB9F07KJ600VBAB07KJ600', '0VBAD07KIN00VBAB07KJ600', '0VBB107KJ600VBAB07KJ600']"
0VB5O07KG200VB5N07KGE00,44000,,0VB5N07KGE0,"102.725602,25.037041;102.7256,25.037683;102.725604,25.038161","['0VB5N07KGE00VB5N07KHV00', '0VB5N07KGE00VB5307KGE00', '0VB5N07KGE00VB5N07KFT00', '0VB5N07KGE00VB6507KGE00']",[]
0VB4507KD800VB4507KD600,44000,0VB4507KD80,,"102.72043,25.028056;102.720443,25.027925;102.720444,25.027914;102.720456,25.027786",[],"['0VB4607KD800VB4507KD800', '0VB3V07KF000VB4507KD800', '0VB4507KD600VB4507KD800']"
0VB3P07KJU00VB4K07KJT00,44000,0VB3P07KJU0,,"102.719508,25.049433;102.719656,25.049406;102.719734,25.049394;102.720003,25.049383;102.720106,25.049379;102.720532,25.049362;102.720544,25.049362;102.72134,25.049342;102.721586,25.049336;102.721944,25.049326;102.721963,25.049326",[],"['0VB2A07KK200VB3P07KJU00', '0VB4507KJU00VB3P07KJU00', '0VB4507KJU00VB3P07KJU01', '0VB2A07KK300VB3P07KJU00', '0VB3R07KIT00VB3P07KJU00', '0VB3L07KJU00VB3P07KJU00', '0VB3P07KKH00VB3P07KJU00']"
0VB3407KHP00VB2K07KHN00,44000,,0VB2K07KHN0,"102.717212,25.042493;102.716928,25.042478;102.716803,25.04247;102.716775,25.042467;102.716553,25.042448;102.716043,25.042409;102.715673,25.04238","['0VB2K07KHN00VB2L07KHE00', '0VB2K07KHN00VB2K07KHU00', '0VB2K07KHN00VB3R07KHP00', '0VB2K07KHN00VB2007KHM00']",[]
0VB9S07KI600VBAB07KI700,44000,,0VBAB07KI70,"102.738823,25.043828;102.739106,25.043831;102.739115,25.043831;102.740264,25.043837;102.740284,25.043837","['0VBAB07KI700VBB207KHU00', '0VBAB07KI700VBAB07KI400', '0VBAB07KI700VBAD07KIJ00', '0VBAB07KI700VB9U07KI700', '0VBAB07KI700VBAD07KIN00']",[]
0VB5N07KHV00VB4N07KHR00,44000,0VB5N07KHV0,0VB4N07KHR0,"102.725497,25.043144;102.725426,25.043133;102.725223,25.0431;102.725123,25.043085;102.724802,25.043035;102.724751,25.043029;102.723752,25.04289;102.722925,25.04279;102.722675,25.042757;102.722384,25.04272;102.72237,25.042718","['0VB4N07KHR00VB4L07KHR00', '0VB4N07KHR00VB4K07KHR00']","['0VB5307KHS00VB5N07KHV00', '0VB5N07KGE00VB5N07KHV00', '0VB6E07KI100VB5N07KHV00', '0VB5O07KJ400VB5N07KHV00', '0VB6107KI000VB5N07KHV00', '0VB4R07KHQ00VB5N07KHV00', '0VB6D07KI110VB5N07KHV00']"
0VBAD07KIN00VBAB07KI700,45000,,0VBAB07KI70,"102.740493,25.045458;102.740497,25.045219;102.740498,25.04512;102.740511,25.044656;102.740497,25.044317;102.740489,25.043924","['0VBAB07KI700VBB207KHU00', '0VBAB07KI700VBAB07KI400', '0VBAB07KI700VBAD07KIJ00', '0VBAB07KI700VB9U07KI700', '0VBAB07KI700VBAD07KIN00']",[]
0VB2D07KJE00VB2D07KJ900,44000,0VB2D07KJE0,,"102.714864,25.047932;102.71494,25.047253",[],"['0VB2A07KK300VB2D07KJE00', '0VB2A07KK200VB2D07KJE00', '0VB2G07KIT00VB2D07KJE00', '0VB2A07KJE00VB2D07KJE00']"
0VB5O07KJ400VB6B07KK400,44000,0VB5O07KJ40,0VB6B07KK40,"102.725609,25.046893;102.725628,25.047562;102.725633,25.047885;102.725636,25.048048;102.725645,25.048183;102.725658,25.04828;102.725672,25.048354;102.725687,25.048404;102.725735,25.048505;102.725761,25.048551;102.725823,25.048648;102.725867,25.048708;102.725918,25.048767;102.725999,25.048848;102.726019,25.048869;102.726665,25.049373;102.727167,25.049759;102.727202,25.049785;102.727231,25.049805;102.727457,25.049935","['0VB6B07KK400VB5O07KJF00', '0VB6B07KK400VB7407KJC00', '0VB6B07KK400VB5L07KKN00', '0VB6B07KK400VB7E07KL300', '0VB6B07KK400VB6207KKC00']","['0VB5O07KJF00VB5O07KJ400', '0VB5707KJ400VB5O07KJ400', '0VB5N07KHV00VB5O07KJ400', '0VB7407KJC00VB5O07KJ400']"
0VAV507KG100VAVC07KG700,45000,,0VAVC07KG70,"102.704506,25.03686;102.704573,25.036883;102.704631,25.03692;102.704771,25.03702;102.704827,25.037062;102.704953,25.037172;102.705218,25.037429","['0VAVC07KG700VAV507KG100', '0VAVC07KG700VAUD07KH200', '0VAVC07KG700VAVE07KGI00', '0VAVC07KG700VB2D07KGC00']",[]
0VB5N07KHV00VB5O07KJ400,44000,0VB5N07KHV0,0VB5O07KJ40,"102.725563,25.043149;102.725562,25.043197;102.725575,25.043663;102.725577,25.043734;102.725582,25.044065;102.725586,25.044659;102.725589,25.045051;102.72559,25.045247;102.725598,25.046286;102.725601,25.04647;102.725607,25.046795","['0VB5O07KJ400VB5707KJ400', '0VB5O07KJ400VB5N07KHV00', '0VB5O07KJ400VB6T07KJ600', '0VB5O07KJ400VB6B07KK400']","['0VB5307KHS00VB5N07KHV00', '0VB5N07KGE00VB5N07KHV00', '0VB6E07KI100VB5N07KHV00', '0VB5O07KJ400VB5N07KHV00', '0VB6107KI000VB5N07KHV00', '0VB4R07KHQ00VB5N07KHV00', '0VB6D07KI110VB5N07KHV00']"
0VB7407KJC00VB6B07KK400,44000,0VB7407KJC0,0VB6B07KK40,"102.730123,25.047684;102.729826,25.047951;102.729399,25.048332;102.728872,25.048794;102.728795,25.048863;102.728661,25.048982;102.728328,25.049276;102.728022,25.04956;102.727536,25.049978","['0VB6B07KK400VB5O07KJF00', '0VB6B07KK400VB7407KJC00', '0VB6B07KK400VB5L07KKN00', '0VB6B07KK400VB7E07KL300', '0VB6B07KK400VB6207KKC00']","['0VB6T07KJ600VB7407KJC00', '0VB6B07KK400VB7407KJC00', '0VB7B07KJ800VB7407KJC00', '0VB8T07KKJ00VB7407KJC00']"
0VB4507KD600VB4507KD800,44000,,0VB4507KD80,"102.720549,25.027795;102.720536,25.027921;102.720535,25.027932;102.720522,25.028064","['0VB4507KD800VB4407KDN00', '0VB4507KD800VB4507KDD00', '0VB4507KD800VB4607KD800', '0VB4507KD800VB4507KD600']",[]
0VB4Q07KGG00VB4Q07KGE00,47000,,0VB4Q07KGE0,"102.722597,25.038366;102.722599,25.038327;102.722562,25.03823","['0VB4Q07KGE00VB4P07KGF00', '0VB4Q07KGE00VB4Q07KGG00', '0VB4Q07KGE00VB4J07KGE00']",[]
0VB3K07KGD00VB2Q07KGD00,44000,,0VB2Q07KGD0,"102.718848,25.038141;102.718841,25.03814;102.718285,25.038133;102.717611,25.038123;102.717134,25.038117;102.716807,25.038115;102.716788,25.038115;102.716638,25.038115;102.716593,25.038114;102.716248,25.038105","['0VB2Q07KGD00VAVC07KG700', '0VB2Q07KGD00VB3107KG110', '0VB2Q07KGD00VB3N07KGD00', '0VB2Q07KGD00VB2R07KFU00', '0VB2Q07KGD00VB3K07KGD00', '0VB2Q07KGD00VB2N07KH200']",[]
0VB4U07KK000VB4Q07KJU00,44000,,0VB4Q07KJU0,"102.722985,25.049639;102.72289,25.049582;102.72277,25.049525;102.72265,25.049481;102.72255,25.049452","['0VB4Q07KJU00VB4S07KJS00', '0VB4Q07KJU00VB4U07KK000', '0VB4Q07KJU00VB4507KJU00', '0VB4Q07KJU00VB4U07KK001']",[]
0VB9F07KJ600VBAB07KJ600,45000,,0VBAB07KJ60,"102.73751,25.047003;102.738462,25.046998;102.738853,25.046997;102.739183,25.046996;102.739453,25.047002;102.739628,25.047001;102.739748,25.047;102.739999,25.046999;102.740449,25.047015","['0VBAB07KJ600VBB107KJ600', '0VBAB07KJ600VB9F07KJ600', '0VBAB07KJ600VBA807KJS00', '0VBAB07KJ600VBAD07KIN00']",[]
0VB7407KGF00VB7207KGG00,45000,0VB7407KGF0,,"102.729834,25.038336;102.729833,25.038449",[],"['0VB7H07KGG00VB7407KGF00', '0VB6J07KGE00VB7407KGF00', '0VB6E07KGE00VB7407KGF00', '0VB7607KGD00VB7407KGF00', '0VB7207KGG00VB7407KGF00']"
0VB6D07KI110VB5N07KHV00,44000,,0VB5N07KHV0,"102.727719,25.043395;102.7276,25.043381;102.727177,25.043331;102.726787,25.043284;102.726518,25.043255;102.726149,25.043216;102.726082,25.043209;102.725563,25.043149","['0VB5N07KHV00VB6107KI000', '0VB5N07KHV00VB5N07KH000', '0VB5N07KHV00VB4N07KHR00', '0VB5N07KHV00VB5O07KJ400', '0VB5N07KHV00VB6D07KI100']",[]
0VB1B07KHH00VB1A07KHK00,47000,,0VB1A07KHK0,"102.711546,25.041767;102.711498,25.041808;102.711361,25.041994","['0VB1A07KHK00VB1P07KHL00', '0VB1A07KHK00VB1B07KHH00', '0VB1A07KHK00VB1A07KH800']",[]
0VB6E07KGE00VB7407KGF00,44000,,0VB7407KGF0,"102.727818,25.038205;102.728286,25.038231;102.728399,25.038227;102.729252,25.038245;102.729833,25.038251","['0VB7407KGF00VB7407KGD00', '0VB7407KGF00VB6D07KGF00', '0VB7407KGF00VB7207KGG00', '0VB7407KGF00VB8207KGF00']",[]
0VB2D07KJE00VB2C07KJM10,44000,0VB2D07KJE0,,"102.714901,25.047933;102.714868,25.048217;102.714823,25.048602",[],"['0VB2A07KK300VB2D07KJE00', '0VB2A07KK200VB2D07KJE00', '0VB2G07KIT00VB2D07KJE00', '0VB2A07KJE00VB2D07KJE00']"
0VB2N07KH200VB2D07KH000,45000,0VB2N07KH20,,"102.715898,25.040138;102.715768,25.040109;102.715686,25.040103;102.714861,25.040048",[],"['0VB2L07KHE00VB2N07KH200', '0VB2D07KH000VB2N07KH200', '0VB2T07KGQ00VB2N07KH200', '0VB2Q07KGD00VB2N07KH200']"
0VB7B07KJ800VB7407KJC00,44000,,0VB7407KJC0,"102.730647,25.047189;102.73021,25.047602","['0VB7407KJC00VB7H07KIT00', '0VB7407KJC00VB7H07KJL00', '0VB7407KJC00VB6B07KK400', '0VB7407KJC00VB5O07KJ400']",[]
0VB7J07KI500VB7U07KI700,44000,,0VB7U07KI70,"102.731481,25.04373;102.731833,25.043763;102.732138,25.043796;102.732386,25.043816;102.732603,25.043822","['0VB7U07KI700VB9907KI600', '0VB7U07KI700VB7U07KI100', '0VB7U07KI700VB7807KI500', '0VB7U07KI700VB7F07KJ200', '0VB7U07KI700VB8607KHG00']",[]
0VB5N07KHV00VB6D07KI100,44000,0VB5N07KHV0,,"102.725559,25.043052;102.725636,25.043057;102.725846,25.043082;102.726097,25.043112;102.726243,25.043123;102.7268,25.043184;102.726881,25.043195;102.727721,25.043304",[],"['0VB5307KHS00VB5N07KHV00', '0VB5N07KGE00VB5N07KHV00', '0VB6E07KI100VB5N07KHV00', '0VB5O07KJ400VB5N07KHV00', '0VB6107KI000VB5N07KHV00', '0VB4R07KHQ00VB5N07KHV00', '0VB6D07KI110VB5N07KHV00']"
0VB4V07KFS00VB4V07KGD00,45000,,0VB4V07KGD0,"102.723117,25.036369;102.723113,25.03672;102.723101,25.037735;102.723096,25.038144","['0VB4V07KGD00VB5N07KGE00', '0VB4V07KGD00VB4V07KFS00']",[]
0VBAB07KI400VBAB07KI700,45000,,0VBAB07KI70,"102.740304,25.0436;102.740284,25.043837","['0VBAB07KI700VBB207KHU00', '0VBAB07KI700VBAB07KI400', '0VBAB07KI700VBAD07KIJ00', '0VBAB07KI700VB9U07KI700', '0VBAB07KI700VBAD07KIN00']",[]
0VB2D07KJE00VB2A07KJE00,45000,0VB2D07KJE0,,"102.714864,25.047932;102.714686,25.047921",[],"['0VB2A07KK300VB2D07KJE00', '0VB2A07KK200VB2D07KJE00', '0VB2G07KIT00VB2D07KJE00', '0VB2A07KJE00VB2D07KJE00']"
0VB6B07KK400VB7E07KL300,44000,0VB6B07KK40,,"102.727536,25.049978;102.727611,25.050026;102.727686,25.050079;102.727813,25.050181;102.727926,25.050282;102.728112,25.050445;102.728406,25.050704;102.72955,25.051777;102.72958,25.051804;102.729602,25.051824;102.72961,25.051831;102.729989,25.052177;102.730453,25.052606;102.730674,25.052817;102.730877,25.053006;102.730983,25.053102",[],"['0VB5L07KKN00VB6B07KK400', '0VB7E07KL300VB6B07KK400', '0VB5O07KJ400VB6B07KK400', '0VB7407KJC00VB6B07KK400']"
0VB7407KJC00VB5O07KJ400,44000,0VB7407KJC0,0VB5O07KJ40,"102.730032,25.047625;102.729725,25.047415;102.72947,25.047252;102.72946,25.047246;102.729295,25.047138;102.729206,25.047077;102.729139,25.047043;102.729064,25.047009;102.72896,25.046973;102.728748,25.046956;102.728353,25.04695;102.727233,25.046939;102.726608,25.046936;102.726382,25.046929;102.726238,25.046924;102.725835,25.046905;102.725609,25.046893","['0VB5O07KJ400VB5707KJ400', '0VB5O07KJ400VB5N07KHV00', '0VB5O07KJ400VB6T07KJ600', '0VB5O07KJ400VB6B07KK400']","['0VB6T07KJ600VB7407KJC00', '0VB6B07KK400VB7407KJC00', '0VB7B07KJ800VB7407KJC00', '0VB8T07KKJ00VB7407KJC00']"
0VB7U07KI700VB7U07KI100,47000,0VB7U07KI70,,"102.732603,25.043822;102.732574,25.0437;102.732694,25.043364",[],"['0VB8C07KI800VB7U07KI700', '0VB8H07KGF00VB7U07KI700', '0VB8C07KI800VB7U07KI701', '0VB7H07KIT00VB7U07KI700', '0VB7J07KI500VB7U07KI700']"
0VB7U07KI700VB7807KI500,44000,0VB7U07KI70,0VB7807KI50,"102.732532,25.043944;102.732428,25.043939;102.732358,25.043933;102.732287,25.043923;102.731723,25.04386;102.731501,25.043831;102.731458,25.043825;102.730962,25.043769;102.730434,25.043709;102.730407,25.043707",['0VB7807KI500VB7307KI500'],"['0VB8C07KI800VB7U07KI700', '0VB8H07KGF00VB7U07KI700', '0VB8C07KI800VB7U07KI701', '0VB7H07KIT00VB7U07KI700', '0VB7J07KI500VB7U07KI700']"
0VB6B07KK400VB6207KKC00,44000,0VB6B07KK40,,"102.727473,25.05004;102.726961,25.050517;102.726763,25.050684;102.726631,25.050795",[],"['0VB5L07KKN00VB6B07KK400', '0VB7E07KL300VB6B07KK400', '0VB5O07KJ400VB6B07KK400', '0VB7407KJC00VB6B07KK400']"
0VB2D07KGC00VB2Q07KGD00,44000,,0VB2Q07KGD0,"102.714945,25.037972;102.715259,25.03798;102.71589,25.037994;102.716182,25.038006","['0VB2Q07KGD00VAVC07KG700', '0VB2Q07KGD00VB3107KG110', '0VB2Q07KGD00VB3N07KGD00', '0VB2Q07KGD00VB2R07KFU00', '0VB2Q07KGD00VB3K07KGD00', '0VB2Q07KGD00VB2N07KH200']",[]
0VB4K07KHR00VB3R07KHP00,44000,,0VB3R07KHP0,"102.722044,25.042673;102.721579,25.042609;102.721255,25.04259;102.720926,25.042587;102.720434,25.042581;102.71999,25.042573;102.719627,25.042576","['0VB3R07KHP00VB3S07KI600', '0VB3R07KHP00VB3B07KHP00', '0VB3R07KHP00VB4R07KHQ00', '0VB3R07KHP00VB3T07KGD00']",[]
0VB4Q07KJU00VB4507KJU00,44000,0VB4Q07KJU0,,"102.72255,25.049452;102.722372,25.049406;102.722256,25.04939;102.722121,25.049379;102.721996,25.049376;102.721981,25.049376;102.721346,25.04939;102.721022,25.049398;102.72045,25.049423",[],"['0VB4K07KJT00VB4Q07KJU01', '0VB4K07KJT00VB4Q07KJU00', '0VB4U07KK000VB4Q07KJU00']"
0VB1P07KHL00VB2K07KHN00,44000,,0VB2K07KHN0,"102.712903,25.042089;102.713523,25.042125;102.713637,25.042133;102.713756,25.042138;102.713929,25.042145;102.714003,25.04215;102.714095,25.042155;102.71457,25.042184;102.714871,25.042205;102.71562,25.042256","['0VB2K07KHN00VB2L07KHE00', '0VB2K07KHN00VB2K07KHU00', '0VB2K07KHN00VB3R07KHP00', '0VB2K07KHN00VB2007KHM00']",[]
0VBAQ07KFU00VBA007KGG00,44000,0VBAQ07KFU0,0VBA007KGG0,"102.741844,25.036618;102.741666,25.036709;102.741481,25.036794;102.741329,25.036872;102.74072,25.037273;102.74048,25.037466;102.740304,25.037629;102.740241,25.037699;102.7402,25.037739;102.740137,25.037805;102.74003,25.037916;102.73986,25.038074;102.739723,25.038175;102.739643,25.038221;102.739566,25.038265;102.739213,25.038406","['0VBA007KGG00VB9907KI600', '0VBA007KGG00VB9N07KGH00', '0VBA007KGG00VBA707KGG00']","['0VBBB07KFL00VBAQ07KFU00', '0VBA107KGF00VBAQ07KFU00', '0VBBH07KGC00VBAQ07KFU00', '0VBAN07KFS00VBAQ07KFU00', '0VBAM07KFT00VBAQ07KFU00']"
0VB4S07KF000VB3V07KF000,44000,,0VB3V07KF00,"102.722776,25.033645;102.722011,25.033612;102.721179,25.033611;102.72067,25.03361;102.719967,25.033604","['0VB3V07KF000VB4607KF000', '0VB3V07KF000VB3V07KFJ00', '0VB3V07KF000VB4S07KEV00', '0VB3V07KF000VB3107KEU00', '0VB3V07KF000VB4507KD800']",[]
0VB7607KGD00VB7407KGF00,47000,,0VB7407KGF0,"102.730163,25.038058;102.730166,25.038257","['0VB7407KGF00VB7407KGD00', '0VB7407KGF00VB6D07KGF00', '0VB7407KGF00VB7207KGG00', '0VB7407KGF00VB8207KGF00']",[]
0VB5N07KGE00VB5307KGE00,44000,0VB5N07KGE0,,"102.725497,25.038262;102.725091,25.038265;102.724997,25.038265;102.724803,25.038265;102.724242,25.038264;102.723724,25.038252;102.723518,25.038247",[],"['0VB6D07KGF00VB5N07KGE00', '0VB4V07KGD00VB5N07KGE00', '0VB5O07KG200VB5N07KGE00', '0VB5N07KH000VB5N07KGE00']"
0VB7407KGF00VB8207KGF00,44000,0VB7407KGF0,,"102.730166,25.038257;102.731368,25.038261;102.732129,25.038272;102.732976,25.03827",[],"['0VB7H07KGG00VB7407KGF00', '0VB6J07KGE00VB7407KGF00', '0VB6E07KGE00VB7407KGF00', '0VB7607KGD00VB7407KGF00', '0VB7207KGG00VB7407KGF00']"
0VB8607KHG00VB8H07KGF00,44000,,0VB8H07KGF0,"102.733375,25.041551;102.733376,25.041546;102.733394,25.041493;102.733598,25.0409;102.733737,25.040457;102.733786,25.040308;102.733973,25.039729;102.734241,25.038874;102.734367,25.038466;102.734376,25.038402","['0VB8H07KGF00VB7U07KI700', '0VB8H07KGF00VB8S07KGF00', '0VB8H07KGF00VB8F07KFI10', '0VB8H07KGF00VB7H07KGG00']",[]
0VB1M07KK400VB2A07KK200,44000,,0VB2A07KK20,"102.712597,25.049983;102.713485,25.04989;102.714014,25.049832;102.714472,25.049782;102.714635,25.049763","['0VB2A07KK200VB3P07KJU00', '0VB2A07KK200VB0P07KK700', '0VB2A07KK200VB2D07KJE00', '0VB2A07KK200VB2J07KK300', '0VB2A07KK200VB2C07KKD00']",[]
0VB7U07KI700VB7F07KJ200,44000,0VB7U07KI70,,"102.732667,25.043951;102.7324,25.044408;102.732233,25.044693;102.731881,25.045308;102.731717,25.045595;102.731628,25.045751;102.731527,25.045923;102.731461,25.04604;102.731246,25.046414;102.731124,25.046604",[],"['0VB8C07KI800VB7U07KI700', '0VB8H07KGF00VB7U07KI700', '0VB8C07KI800VB7U07KI701', '0VB7H07KIT00VB7U07KI700', '0VB7J07KI500VB7U07KI700']"
0VB4Q07KJU00VB4U07KK001,47000,0VB4Q07KJU0,,"102.722642,25.049374;102.722688,25.049386;102.722848,25.049447;102.722911,25.049481",[],"['0VB4K07KJT00VB4Q07KJU01', '0VB4K07KJT00VB4Q07KJU00', '0VB4U07KK000VB4Q07KJU00']"
0VB8H07KGF00VB7H07KGG00,44000,0VB8H07KGF0,,"102.734376,25.038402;102.734075,25.0384;102.732841,25.038387;102.732125,25.038377;102.731953,25.038374;102.731376,25.038363",[],"['0VB8H07KG600VB8H07KGF00', '0VB8207KGF00VB8H07KGF00', '0VB8607KHG00VB8H07KGF00', '0VB9N07KGH00VB8H07KGF00']"
0VB7207KGG00VB7407KGF00,45000,,0VB7407KGF0,"102.729833,25.038449;102.729834,25.038336","['0VB7407KGF00VB7407KGD00', '0VB7407KGF00VB6D07KGF00', '0VB7407KGF00VB7207KGG00', '0VB7407KGF00VB8207KGF00']",[]
0VAVC07KG700VAVE07KGI00,45000,0VAVC07KG70,,"102.705295,25.03753;102.705463,25.037888;102.705492,25.038009;102.705472,25.03844;102.70543,25.038553",[],"['0VAU407KH900VAVC07KG700', '0VB2Q07KGD00VAVC07KG700', '0VAV807KG200VAVC07KG700', '0VAVE07KGI00VAVC07KG700', '0VAV507KG100VAVC07KG700']"
0VBAM07KFT00VBAQ07KFU00,47000,,0VBAQ07KFU0,"102.741408,25.036536;102.741464,25.036509;102.741513,25.036498;102.74155,25.036509;102.741596,25.036524;102.741809,25.036631","['0VBAQ07KFU00VBBH07KGC00', '0VBAQ07KFU00VBA007KGG00', '0VBAQ07KFU00VBAN07KFS00', '0VBAQ07KFU00VBBD07KFJ00']",[]
0VB5307KGE00VB4Q07KGE00,44000,,0VB4Q07KGE0,"102.723518,25.038247;102.72311,25.038244;102.722562,25.03823","['0VB4Q07KGE00VB4P07KGF00', '0VB4Q07KGE00VB4Q07KGG00', '0VB4Q07KGE00VB4J07KGE00']",[]
0VB7U07KI700VB8607KHG00,44000,0VB7U07KI70,,"102.732603,25.043822;102.732684,25.043604;102.73283,25.043185;102.732886,25.043022;102.732937,25.042888;102.733001,25.042683;102.733116,25.042319;102.733155,25.042204;102.733375,25.041551",[],"['0VB8C07KI800VB7U07KI700', '0VB8H07KGF00VB7U07KI700', '0VB8C07KI800VB7U07KI701', '0VB7H07KIT00VB7U07KI700', '0VB7J07KI500VB7U07KI700']"
0VB1A07KH800VB1A07KHK00,45000,,0VB1A07KHK0,"102.711402,25.040837;102.711388,25.041216;102.711378,25.041495;102.711361,25.041994","['0VB1A07KHK00VB1P07KHL00', '0VB1A07KHK00VB1B07KHH00', '0VB1A07KHK00VB1A07KH800']",[]
0VB2A07KJE00VB2D07KJE00,45000,,0VB2D07KJE0,"102.714686,25.047921;102.714864,25.047932","['0VB2D07KJE00VB2D07KJ900', '0VB2D07KJE00VB2C07KJM10', '0VB2D07KJE00VB2A07KJE00']",[]
0VBAB07KI700VB9U07KI700,44000,0VBAB07KI70,,"102.740286,25.043924;102.74027,25.043924;102.739132,25.043911;102.739111,25.043911",[],"['0VBAD07KIJ00VBAB07KI700', '0VB9S07KI600VBAB07KI700', '0VBAD07KIN00VBAB07KI700', '0VBAB07KI400VBAB07KI700', '0VBB307KHV00VBAB07KI700']"
0VB4V07KGD00VB4V07KFS00,45000,0VB4V07KGD0,,"102.723096,25.038144;102.723101,25.037735;102.723113,25.03672;102.723117,25.036369",[],"['0VB4J07KGD00VB4V07KGD00', '0VB3T07KGD00VB4V07KGD00', '0VB4V07KFS00VB4V07KGD00']"
0VBAD07KIN00VBAB07KJ600,45000,,0VBAB07KJ60,"102.740481,25.045464;102.74045,25.046058;102.740449,25.047015","['0VBAB07KJ600VBB107KJ600', '0VBAB07KJ600VB9F07KJ600', '0VBAB07KJ600VBA807KJS00', '0VBAB07KJ600VBAD07KIN00']",[]
0VB8T07KKJ00VB7407KJC00,44000,,0VB7407KJC0,"102.735658,25.051539;102.735269,25.051273;102.734474,25.050712;102.734463,25.050704;102.734369,25.050632;102.734246,25.050536;102.734098,25.050437;102.733898,25.050298;102.733379,25.049925;102.732762,25.049507;102.732258,25.04915;102.7317,25.048755;102.731317,25.048493;102.730735,25.048106;102.730123,25.047684","['0VB7407KJC00VB7H07KIT00', '0VB7407KJC00VB7H07KJL00', '0VB7407KJC00VB6B07KK400', '0VB7407KJC00VB5O07KJ400']",[]
0VBB307KHV00VBAB07KI700,44000,,0VBAB07KI70,"102.742662,25.043107;102.742597,25.043184;102.742549,25.043244;102.742367,25.043447;102.742269,25.043559;102.742256,25.043572;102.742169,25.043653;102.742082,25.043715;102.74199,25.043764;102.741859,25.043814;102.74178,25.043832;102.7417,25.04385;102.741672,25.043855;102.741548,25.043877;102.741377,25.043898;102.741147,25.043907;102.740489,25.043924","['0VBAB07KI700VBB207KHU00', '0VBAB07KI700VBAB07KI400', '0VBAB07KI700VBAD07KIJ00', '0VBAB07KI700VB9U07KI700', '0VBAB07KI700VBAD07KIN00']",[]
0VB3T07KGD00VB3T07KGT00,44000,0VB3T07KGD0,,"102.719805,25.03819;102.719802,25.038257;102.7198,25.038295;102.71979,25.038412;102.719773,25.038719;102.719754,25.038924;102.71975,25.039091;102.719721,25.039698",[],"['0VB3K07KGD00VB3T07KGD00', '0VB3N07KGD00VB3T07KGD00', '0VB3R07KHP00VB3T07KGD00', '0VB4J07KGE00VB3T07KGD00', '0VB3V07KFJ00VB3T07KGD00']"
0VB6H07KI100VB7807KI400,44000,0VB6H07KI10,0VB7807KI40,"102.728162,25.043352;102.728941,25.043433;102.72996,25.043544;102.730412,25.043594","['0VB7807KI400VB7J07KI500', '0VB7807KI400VB7807KI100']","['0VB7307KI500VB6H07KI100', '0VB6H07KI600VB6H07KI100', '0VB6D07KI100VB6H07KI100']"
0VB4607KF000VB4S07KEV00,44000,,0VB4S07KEV0,"102.720671,25.033508;102.720995,25.033512;102.721998,25.033515;102.722462,25.033522;102.722803,25.033528","['0VB4S07KEV00VB5G07KF000', '0VB4S07KEV00VB4S07KET00', '0VB4S07KEV00VB5G07KEV00']",[]
0VAVC07KG700VB2D07KGC00,44000,0VAVC07KG70,,"102.705218,25.037429;102.705708,25.037224;102.706763,25.03688;102.706812,25.036861;102.707207,25.036733;102.707376,25.036683;102.708044,25.036482;102.708343,25.036422;102.708582,25.036399;102.708841,25.036392;102.709088,25.036396;102.709558,25.036422;102.709926,25.036462;102.710113,25.036491;102.710395,25.036554;102.710673,25.036629;102.71116,25.036792;102.713081,25.037467;102.71433,25.037894;102.714522,25.037936;102.714646,25.037951;102.714945,25.037972",[],"['0VAU407KH900VAVC07KG700', '0VB2Q07KGD00VAVC07KG700', '0VAV807KG200VAVC07KG700', '0VAVE07KGI00VAVC07KG700', '0VAV507KG100VAVC07KG700']"
0VBAQ07KFU00VBAN07KFS00,47000,0VBAQ07KFU0,,"102.741809,25.036631;102.741548,25.036395",[],"['0VBBB07KFL00VBAQ07KFU00', '0VBA107KGF00VBAQ07KFU00', '0VBBH07KGC00VBAQ07KFU00', '0VBAN07KFS00VBAQ07KFU00', '0VBAM07KFT00VBAQ07KFU00']"
0VB5N07KGE00VB5N07KFT00,44000,0VB5N07KGE0,,"102.725491,25.038161;102.725505,25.037707;102.725513,25.037428;102.725518,25.037143;102.72552,25.036486",[],"['0VB6D07KGF00VB5N07KGE00', '0VB4V07KGD00VB5N07KGE00', '0VB5O07KG200VB5N07KGE00', '0VB5N07KH000VB5N07KGE00']"
0VB9907KI600VBA007KGG00,45000,,0VBA007KGG0,"102.736856,25.043838;102.738093,25.040967;102.739124,25.038579;102.739213,25.038406","['0VBA007KGG00VB9907KI600', '0VBA007KGG00VB9N07KGH00', '0VBA007KGG00VBA707KGG00']",[]
0VB2K07KHN00VB3R07KHP00,44000,0VB2K07KHN0,0VB3R07KHP0,"102.715688,25.04226;102.716053,25.042288;102.716122,25.042293;102.716619,25.042335;102.71671,25.042346;102.716768,25.042351;102.716806,25.042355;102.716952,25.042363;102.71721,25.042376;102.717769,25.042395;102.718115,25.042405;102.718616,25.04242;102.718643,25.042421;102.718666,25.042421;102.7191,25.042429;102.719464,25.042436","['0VB3R07KHP00VB3S07KI600', '0VB3R07KHP00VB3B07KHP00', '0VB3R07KHP00VB4R07KHQ00', '0VB3R07KHP00VB3T07KGD00']","['0VB2U07KHO00VB2K07KHN00', '0VB3407KHP00VB2K07KHN00', '0VB1P07KHL00VB2K07KHN00', '0VB2N07KH200VB2K07KHN00', '0VB2G07KIL00VB2K07KHN00']"
0VB9N07KGG00VB9T07KFJ00,45000,0VB9N07KGG0,,"102.738352,25.038361;102.73844,25.037287;102.738452,25.037143;102.738469,25.036944;102.738766,25.036749;102.738792,25.036724;102.738809,25.0367;102.738821,25.036673;102.738826,25.036645;102.738839,25.036497;102.738843,25.03629;102.738846,25.036008;102.738853,25.035829;102.738857,25.035709;102.738863,25.035521",[],"['0VB9T07KFJ00VB9N07KGG00', '0VB9507KGF00VB9N07KGG00']"
0VB9N07KGH00VB8H07KGF00,44000,0VB9N07KGH0,0VB8H07KGF0,"102.738344,25.03845;102.737738,25.038439;102.737465,25.038435;102.737254,25.038427;102.736781,25.038425;102.736574,25.038424;102.736436,25.038423;102.735922,25.038421;102.735808,25.038421;102.735378,25.038416;102.735302,25.038416;102.734915,25.038406;102.734519,25.0384","['0VB8H07KGF00VB7U07KI700', '0VB8H07KGF00VB8S07KGF00', '0VB8H07KGF00VB8F07KFI10', '0VB8H07KGF00VB7H07KGG00']",['0VBA007KGG00VB9N07KGH00']
0VB3T07KGD00VB3N07KGD00,44000,0VB3T07KGD0,,"102.719667,25.038187;102.719379,25.038169;102.719299,25.038165",[],"['0VB3K07KGD00VB3T07KGD00', '0VB3N07KGD00VB3T07KGD00', '0VB3R07KHP00VB3T07KGD00', '0VB4J07KGE00VB3T07KGD00', '0VB3V07KFJ00VB3T07KGD00']"
0VBAP07KFU00VBAN07KFS00,47000,0VBAP07KFU0,,"102.741703,25.036553;102.741548,25.036395",[],"['0VBA107KGF00VBAP07KFU00', '0VBAN07KFS00VBAP07KFU00', '0VBAM07KFT00VBAP07KFU00']"
0VB2N07KH200VB2K07KHN00,44000,0VB2N07KH20,0VB2K07KHN0,"102.71596,25.040206;102.715957,25.040235;102.715928,25.04046;102.715874,25.040904;102.715809,25.041404;102.715734,25.041937;102.715688,25.04226","['0VB2K07KHN00VB2L07KHE00', '0VB2K07KHN00VB2K07KHU00', '0VB2K07KHN00VB3R07KHP00', '0VB2K07KHN00VB2007KHM00']","['0VB2L07KHE00VB2N07KH200', '0VB2D07KH000VB2N07KH200', '0VB2T07KGQ00VB2N07KH200', '0VB2Q07KGD00VB2N07KH200']"
0VB6D07KI100VB6H07KI100,44000,,0VB6H07KI10,"102.727721,25.043304;102.728162,25.043352","['0VB6H07KI100VB6D07KI110', '0VB6H07KI100VB6E07KI100', '0VB6H07KI100VB6H07KI600', '0VB6H07KI100VB7807KI400']",[]
0VB3P07KKH00VB3P07KJU00,44000,,0VB3P07KJU0,"102.71938,25.051296;102.719376,25.050813;102.719375,25.050766;102.719382,25.049947;102.719383,25.049508","['0VB3P07KJU00VB2A07KK300', '0VB3P07KJU00VB3P07KJ800', '0VB3P07KJU00VB3P07KKM00', '0VB3P07KJU00VB2A07KK200', '0VB3P07KJU00VB4K07KJT00']",[]
0VB2K07KHN00VB2007KHM00,44000,0VB2K07KHN0,,"102.715606,25.042373;102.714859,25.042316;102.714544,25.042292;102.713936,25.042263;102.713589,25.042239",[],"['0VB2U07KHO00VB2K07KHN00', '0VB3407KHP00VB2K07KHN00', '0VB1P07KHL00VB2K07KHN00', '0VB2N07KH200VB2K07KHN00', '0VB2G07KIL00VB2K07KHN00']"
0VB2A07KK200VB2C07KKD00,44000,0VB2A07KK20,,"102.714742,25.049952;102.714807,25.050556;102.714835,25.050971",[],"['0VB2C07KJM10VB2A07KK200', '0VB2D07KKN00VB2A07KK200', '0VB3P07KJU00VB2A07KK200', '0VB2J07KK300VB2A07KK200', '0VB1M07KK400VB2A07KK200']"
0VBAB07KI700VBAD07KIN00,45000,0VBAB07KI70,,"102.740489,25.043924;102.740497,25.044317;102.740511,25.044656;102.740498,25.04512;102.740497,25.045219;102.740493,25.045458",[],"['0VBAD07KIJ00VBAB07KI700', '0VB9S07KI600VBAB07KI700', '0VBAD07KIN00VBAB07KI700', '0VBAB07KI400VBAB07KI700', '0VBB307KHV00VBAB07KI700']"
0VB5N07KH000VB5N07KGE00,44000,,0VB5N07KGE0,"102.725508,25.039959;102.72551,25.039529;102.725508,25.039173;102.725497,25.038262","['0VB5N07KGE00VB5N07KHV00', '0VB5N07KGE00VB5307KGE00', '0VB5N07KGE00VB5N07KFT00', '0VB5N07KGE00VB6507KGE00']",[]
0VBB107KJ600VBAB07KJ600,45000,,0VBAB07KJ60,"102.742482,25.047028;102.742072,25.04701;102.741283,25.047016;102.740817,25.047019;102.740449,25.047015","['0VBAB07KJ600VBB107KJ600', '0VBAB07KJ600VB9F07KJ600', '0VBAB07KJ600VBA807KJS00', '0VBAB07KJ600VBAD07KIN00']",[]
0VB3T07KKM00VB3P07KKM00,45000,,0VB3P07KKM0,"102.719734,25.05176;102.719717,25.05176;102.719478,25.051758","['0VB3P07KKM00VB3P07KKH00', '0VB3P07KKM00VB3R07KLC00', '0VB3P07KKM00VB3T07KKM00']",[]
0VBAM07KFT00VBAP07KFU00,47000,,0VBAP07KFU0,"102.741408,25.036536;102.741464,25.036509;102.741513,25.036498;102.74155,25.036509;102.741596,25.036524;102.741703,25.036553","['0VBAP07KFU00VBBD07KFJ00', '0VBAP07KFU00VBAN07KFS00']",[]
0VB2G07KIL00VB2K07KHN00,44000,,0VB2K07KHN0,"102.715219,25.045317;102.715273,25.044881;102.715374,25.04406;102.71553,25.042978;102.715565,25.042698;102.715606,25.042373","['0VB2K07KHN00VB2L07KHE00', '0VB2K07KHN00VB2K07KHU00', '0VB2K07KHN00VB3R07KHP00', '0VB2K07KHN00VB2007KHM00']",[]
0VBAQ07KFU00VBBD07KFJ00,44000,0VBAQ07KFU0,,"102.741809,25.036631;102.741858,25.036587;102.741931,25.036527;102.741988,25.036493;102.742314,25.03631;102.742479,25.036222;102.743008,25.035936;102.743444,25.035702;102.743795,25.035511",[],"['0VBBB07KFL00VBAQ07KFU00', '0VBA107KGF00VBAQ07KFU00', '0VBBH07KGC00VBAQ07KFU00', '0VBAN07KFS00VBAQ07KFU00', '0VBAM07KFT00VBAQ07KFU00']"
0VB5N07KGE00VB6507KGE00,44000,0VB5N07KGE0,,"102.725604,25.038161;102.725981,25.038168;102.726635,25.038176;102.726855,25.038179",[],"['0VB6D07KGF00VB5N07KGE00', '0VB4V07KGD00VB5N07KGE00', '0VB5O07KG200VB5N07KGE00', '0VB5N07KH000VB5N07KGE00']"
